slice_id	semantic_entity	scope_root	android_arm64	android_armv7	ios_arm64	ios_armv7	evidence_status	implementation	analysis_report	verification	remaining_gap
MP-V05-WASMTIME-RENDER-DIAGNOSTICS-ANDROID-TRACE-FLATTEN	Wasmtime per-case 15 Hz render-stage diagnostic capture plus the supported Android 1.3.9 trace_flatten oracle lane; paired render-step and draw-dispatch comparison remains disabled until Android render offsets are independently rebased	Two motion playback cases; normalized layer traces are paired while render_prepare render_commands render_execute draw_dispatch and checkpoints are Wasmtime-only diagnostics	Android arm64 Redroid records only trace_flatten; run 33206772913 proved render_path fails closed because retained offsets belong to the retired 1.4.4 lane	Not an Android armv7 lane; active oracle infrastructure is arm64-only	Not an iOS lane; Wasmtime diagnostics do not establish iOS render equivalence	Not an iOS lane; Wasmtime diagnostics do not establish iOS render equivalence	EVIDENCE_BLOCKED	.github/workflows/differential.yml; tests/differential/oracle_runner/frida_motion_stage_agent.js; tests/differential/python/run_motion_playback_wasmtime.py; analysis/motionplayer_v05_render_trace_status.tsv	analysis/motionplayer_render_stage_draw_dispatch_render_step_trace_differential_2026-08-28.md	Current Wasmtime 15 Hz capture has 88 frames 1472 events and 176 audited PNGs; run 32971807749 confirms Android trace_flatten succeeds; run 33206772913 confirms unrebased render stages are rejected	Rebase every required render-stage hook to Kirikiroid2 1.3.9 before re-enabling Android render artifacts or render-step/draw-dispatch comparators; historical 1.4.4 and self-comparisons are not promoted
MP-V06-WEB-DEBUG-FORMAL-BUILD	Formal current-worktree Web Debug configure full compile final link and fixed product integrity verification	CMake Web Debug Config with the complete wasm32-emscripten application and all motionplayer translation units	Current Web source formally compiled and linked; Android columns are not runtime claims	Not a native Android armv7 build or runtime lane	Current Web source formally compiled and linked; iOS columns are not runtime claims	Not a native iOS armv7 build or runtime lane	VERIFIED	CMakePresets.json; CMakeLists.txt; cpp/plugins/motionplayer/CMakeLists.txt; cpp/plugins/motionplayer/Player.h; cpp/plugins/motionplayer/main.cpp; out/web/debug/index.html; out/web/debug/index.js; out/web/debug/index.wasm; out/web/debug/vlfs.js; out/web/debug/assets.zip; analysis/motionplayer_v06_web_build_products.tsv	analysis/motionplayer_web_debug_build_2026-08-28.md	CMake 4.4.3 configured Debug with vcpkg wasm32-emscripten and Emscripten 4.0.23; Ninja completed the final index.html link; all five fixed products exist and their sizes and SHA-256 digests were freshly recorded	No MP-V06 build gap; motionplayer unit/runtime and diagnostic non-regression remain MP-V07 and MP-V08, while cross-platform differential gaps remain MP-V03 through MP-V05
MP-V04-CURRENT-HEAD-ADB-MOTION-ORACLE-88-FRAMES	Exact-current-HEAD Android libgame motion playback oracle capture for m2logo and yuzulogo with verified immutable artifact digest normalized disk schema frame continuity and layer snapshot integrity	2 motion_playback cases 88 normalized frames and 2418 per-layer snapshots	Fresh arm64 Redroid ADB plus Frida capture at commit 5cc45b36 with artifact id 9608002821 and archive digest aab64d950c7f31a35f42187a6b8b8e6531f5ab15491de45427cebb9c1f725d12	Not an armv7 runtime lane; Android oracle workflow is intentionally arm64-only	Not an iOS runtime lane; current artifact is the Android 1.3.9 oracle projection	Not an iOS runtime lane; current artifact is the Android 1.3.9 oracle projection	VERIFIED	.github/workflows/differential.yml; tests/differential/python/run_motion_playback.py; tests/differential/python/compare_motion_playback_traces.py; tests/differential/oracle_runner/adapters/motion_playback.py; analysis/motionplayer_v04_trace_artifacts.tsv	analysis/motionplayer_motion_playback_native_adb_wasmtime_trace_differential_2026-08-28.md	Exact-head ADB job captured m2logo 25 frames 843 layer snapshots and yuzulogo 63 frames 1575 layer snapshots; current-worktree Wasmtime and freshly rebuilt native each reproduce all 88 frames and 2418 snapshots with zero independent-comparator mismatches	No MP-V04 gap; Android oracle current Wasmtime and native lanes are all present
MP-V03-SCALAR-WASMTIME-CLI-21-OF-21	Current-source geometry hit-test Bezier curve and position interpolation scalar differential execution through independent Wasmtime CLI with exact existing-spec comparison	10 geometry_hit_test specs 6 bezier_curve specs and 5 position_interp specs	Historical Android scalar oracle is not promoted to current evidence; repeated local audit has no adb/emulator/Docker/APK/prebuilt harness and latest public CI has no scalar ADB lane	Not an ADB armv7 lane; current scalar oracle harness is arm64-only	Not an iOS lane; this slice verifies the reconstructed WebAssembly implementation against existing scalar expectations	Not an iOS lane; this slice verifies the reconstructed WebAssembly implementation against existing scalar expectations	VERIFIED	tests/differential/run_all.py; tests/differential/python/run_scalar_wasmtime_cli.py; tests/differential/python/run_scalar_wasmtime_direct.py; tests/differential/python/run_geometry_hit_test_wasmtime.py; tests/differential/python/run_bezier_curve_wasmtime.py; tests/differential/python/run_position_interp_wasmtime.py; tests/differential/python/wasm_lldb_runner.py; tests/differential/wasmtime/CMakeLists.txt; tests/differential/wasmtime/bezier_curve_wasm.cpp; tests/differential/wasmtime/position_interp_wasm.cpp; analysis/motionplayer_v03_differential_results.tsv	analysis/motionplayer_geometry_bezier_position_hit_test_wasmtime_adb_differential_2026-08-28.md	Fresh Emscripten 6.0.8 builds at HEAD 5cc45b36 executed through independent Wasmtime CLI 31.0.0: geometry 10/10 Bezier 6/6 position 5/5 total 21/21 exact expected equality; no spec or expected changes; result TSV has one unique PASS row per case	MP-V03 has a terminal EVIDENCE_BLOCKED Android lane until the existing runners can execute on a rooted arm64 device with the harness APK; no historical result is promoted
MP-V02-EXISTING-FIXTURE-SUPPLEMENT-DECISIONS	Complete existing-material-only decision ledger for every MP-V01 no-existing-test association including reused tests one added geometry facade test explicit failure-injection and static-only gaps local platform regressions and trace-only work	102 MP-V01 no-test task-slice associations across 55 unique qualified slices	Consumes prior Android arm64 evidence and never synthesizes a new binary fixture	Consumes prior Android armv7 evidence and never synthesizes a new binary fixture	Consumes prior iOS arm64 evidence and never synthesizes a new binary fixture	Consumes prior iOS armv7 evidence and never synthesizes a new binary fixture	VERIFIED	tools/motionsim/generate_fixture_decisions.py; analysis/motionplayer_fixture_decisions.tsv; tests/unit-tests/plugins/motionplayer-dll.cpp:22410	analysis/motionplayer_existing_fixture_supplement_decisions_2026-08-28.md	generator classified all 102 associations and 55 unique slices as 91 reused existing fixture 5 added existing-fixture geometry associations 2 missing failure-injection fixture 2 static-only observations 1 local platform-boundary regression and 1 trace differential; 97 rows map current TEST_CASE names and five explicit gaps fabricate no material	Formal unit execution remains MP-V07; two constructor-failure rows lack current injection material two foreign ABI rows remain static-only and the complete frame row proceeds to MP-V04/MP-V05
MP-V01-VERTICAL-SLICE-EXISTING-UNIT-TEST-MAP	Complete original-ticket to current coverage-slice to existing runtime TEST_CASE compile-time contract or explicit no-existing-test verification matrix for every closed A L C D R G vertical slice	127 closed vertical tasks and 149 unique qualified coverage slices	Consumes the Android arm64 disposition already recorded by each of 149 source slices	Consumes the Android armv7 disposition already recorded by each of 149 source slices	Consumes the iOS arm64 disposition already recorded by each of 149 source slices	Consumes the iOS armv7 disposition already recorded by each of 149 source slices	VERIFIED	tools/motionsim/generate_verification_matrix.py; analysis/motionplayer_vertical_test_matrix.tsv; tests/unit-tests/plugins/motionplayer-dll.cpp	analysis/motionplayer_vertical_slice_existing_unit_test_map_2026-08-28.md	generator reproduced 127 vertical tasks 294 task-slice associations and 149 unique slices; 190 runtime-test associations 2 compile-time-contract associations and 102 explicit no-test associations; task rollup 101 with runtime tests and 26 without; Python compile and strict 8-field TSV checks pass	MP-V02 must evaluate explicit no-test rows using only existing fixtures; native ADB Wasmtime trace build and runtime strength remain MP-V03 through MP-V08
MP-B12-DEAD-VALUE-NOOP-REFCOUNT-UNINITIALIZED-INACTIVE-TAIL	Cross-cutting dead store dead result retained Variant String Object temporary AddRef Release owner lexical lifetime uninitialized local and member selective construction copy-propagated dormant payload inactive tail serialization omission and trivial versus nontrivial destruction audit across Player MotionNode geometry controllers spring cache resource Bezier anchor prepared renderer lowercase and wind	motionplayer.dll + emoteplayer.dll + PSBFile raw layer + TJS string runtime	Player/node/point/var/blink/selector/spring/load/tint/obj/bounds/mesh/eval/anchor/prepared/D3D/lower/wind@0x6CC110/0x6B1058/0x6DCBC4/0x664410/0x65FD48/0x66B778/0x678B28/0x6A4F88/0x6A48F8/0x6D7834/0x6A264C/0x6A2A04/0x6A2D6C/0x6BD908/0x6BF714/0x6AB39C/0xA0AB28/0x66DEDC	Player/node/point/var/blink/selector/spring/load/tint/obj/bounds/mesh/eval/anchor/prepared/D3D/lower/wind@0x5935C4/0x580FA4/0x59D858/0x554180/0x551B34/0x5583B6/0x55EE98/0x57ACC8/0x57A754/0x599A34/0x579258/0x5794F8/0x5797A0/0x589C00/0x58B178/0x57D3DC/0x75EA48/0x559900	Player/node/point/var/blink/selector/spring/load/tint/obj/bounds/mesh/eval/anchor/prepared/D3D/lower/wind@0x10011EC04/0x100108720/0x10012CF5C/0x1001A4AD0/0x1001A1C8C/0x1001B7DFC/0x1001B29D0/0x1001009AC/0x10010032C/0x10012686C/0x1000FE804/0x1000FEAB8/0x1000FEE38/0x100113024/0x1001148F8/0x100104450/0x1001A0614/0x1001AC718	Player/node/point/var/blink/selector/spring/load/tint/obj/bounds/mesh/eval/anchor/prepared/D3D/lower/wind@0x11D488/0x105E70/0x12BA08/0x1A3FEC/0x1A0E50/0x1B75EC/0x1B24D8/0xFDB50/0xFD4B4/0x125D4C/0xFB868/0xFBBDC/0xFC014/0x110908/0x1123D8/0x101850/0x19F838/0x1ABF24	IMPLEMENTED	cpp/plugins/motionplayer/Player.h:1395; cpp/plugins/motionplayer/Player.h:1498; cpp/plugins/motionplayer/Player.h:1581; cpp/plugins/motionplayer/MotionNode.h:203; cpp/plugins/motionplayer/MotionNode.h:217; cpp/plugins/motionplayer/EmoteAngleController.h:29; cpp/plugins/motionplayer/EmoteVarController.cpp:11; cpp/plugins/motionplayer/EmoteBlinkController.h:46; cpp/plugins/motionplayer/EmoteEngine.h:372; cpp/plugins/motionplayer/EmoteEngine.cpp:1626; cpp/plugins/motionplayer/SourceCache.h:41; cpp/plugins/motionplayer/SourceCache.cpp:511; cpp/plugins/motionplayer/PlayerResource.cpp:88; cpp/plugins/psbfile/PSBFile.cpp:201; cpp/plugins/motionplayer/MotionLayerExtensions.cpp:300; cpp/plugins/motionplayer/MotionLayerExtensions.cpp:806; cpp/plugins/motionplayer/PlayerUpdateAnchor.cpp:8; cpp/plugins/motionplayer/RuntimeSupport.h:68; cpp/plugins/motionplayer/MotionRenderBackend.h:100; cpp/core/tjs2/tjsString.cpp:90; cpp/plugins/motionplayer/EmoteWindEmitter.cpp:6	analysis/motionplayer_dead_value_noop_refcount_uninitialized_inactive_tail_four_binary_2026-08-28.md	fresh four 72 independent entries and internal ranges 23727 complete instructions 230 xrefs_to and 73 xrefs_from; exact dead-result dead-store temporary-owner selective-initialization copy-serialize-destroy and inactive-tail taxonomy; production matched; undefined residue deliberately not frozen into tests; 72 IDB anchors 4 bookmarks four IDBs saved	No MP-B12 task-local static gap; formal build unit runtime and differential verification remain MP-V01 through MP-V08 and final denominator acceptance remains MP-V09 through MP-V16
MP-B11-ANDROID-IOS-ARM64-ARMV7-DIFFERENCE-CLASSIFICATION	Cross-cutting difference attribution ledger separating real OS pointer-width and STL-family source conditions from ABI pointer alignment calling-convention exception and Thumb representation target STL vector deque list tree unordered string policy compiler inline tail-merge vectorization FMA compare-select guard and dead-strip effects explicit ISA FP and Web GPU runtime boundaries and final-audit evidence blocks	motionplayer.dll + emoteplayer.dll + DrawDeviceD3D dependency + TJS runtime + core plugin loader	Player/Engine/Resource/SLA/vector/deque/unordered/list/cursor/skip/wind/atlas/clear/autoload/calcView/basis@0x6CC110/0x67B76C/0x6A5CAC/0x6C3DB4/0xA72C14/0x6DFC90/0x685060/0x6E8040/0x6D6AC4/0x6D0B84/0x66DD8C/0x6931C8/0x6AB08C/0x907618/0x6CE908/0x69DE30	Player/Engine/Resource/SLA/vector/deque/unordered/list/cursor/skip/wind/atlas/clear/autoload/calcView/basis@0x5935C4/0x560948/0x57B1EC/0x58DBDC/0x7970B0/0x5A099C/0x5669AC/0x5A67DE/0x598F18/0x595DA6/0x559900/0x570F54/0x57D184/0x6C77BC/0x594958/0x576C7C	Player/Engine/Resource/SLA/vector/deque/unordered/list/cursor/skip/wind/atlas/clear/autoload/calcView/basis@0x10011EC04/0x1001B7FB0/0x100101158/0x1001298C4/0x1002DC360/0x1000FAED8/0x1001A6938/0x100100E54/0x1001255FC/0x100121C40/0x1001AC718/0x1000F4098/0x100104130/0x1003F1CD4/0x1001201CC/0x1000FB4A8	Player/Engine/Resource/SLA/vector/deque/unordered/list/cursor/skip/wind/atlas/clear/autoload/calcView/basis@0x11D488/0x1B7788/0xFE254/0x128890/0x2DBD28/0xF7F90/0x1A6074/0xFDFB0/0x12480C/0x1209BA/0x1ABF24/0xF0BE4/0x10149C/0x3D923C/0x11EED4/0xF854C	IMPLEMENTED	cpp/plugins/motionplayer/internal/player_containers.h; cpp/plugins/motionplayer/Player.h:1356; cpp/plugins/motionplayer/EmoteEngine.h:115; cpp/plugins/motionplayer/ResourceManager.h:63; cpp/plugins/motionplayer/SourceCache.h:100; cpp/plugins/motionplayer/SeparateLayerAdaptor.h:39; cpp/plugins/motionplayer/PlayerCore.cpp:858; cpp/plugins/motionplayer/PlayerResource.cpp:201; cpp/core/plugin/PluginImpl.cpp:78; cpp/plugins/motionplayer/PlayerTimeline.cpp:69; cpp/plugins/motionplayer/MotionRenderBackend.cpp:195; analysis/motionplayer_coverage.tsv	analysis/motionplayer_android_ios_arm64_armv7_difference_classification_four_binary_2026-08-28.md; analysis/motionplayer_stl_container_source_attribution_four_binary_2026-08-27.md; analysis/motionplayer_nan_inf_negative_zero_subnormal_divzero_unordered_four_binary_2026-08-28.md; analysis/motionplayer_web_cocos_render_platform_boundaries_four_binary_2026-08-28.md	fresh four 64 independent attribution ranges 18086 complete untruncated instructions 301 xrefs_to and 67 xrefs_from; exact source-condition ABI STL compiler-linker ISA-FP Web-runtime and evidence-blocked taxonomy; zero task-local UNKNOWN; production matched; 64 comments 4 bookmarks four IDBs saved	No MP-B11 task-local unexplained difference; underlying two ISA-FP and one Web render PLATFORM_BOUNDARY slices remain explicit while final acceptance is still blocked by MP-F03 through MP-F08
MP-B08-ALIAS-OUTPUTS-SAME-OBJECT-MULTIPLE-ARGS-BORROWED-INVALIDATION	Cross-cutting storage closure argument result container and borrowed-subobject alias audit for Variant safe self assignment PSB holder unsafe self assignment native scalar output overlap source-equals-target owner-parent and Object-ObjThis identity persistent result slots shared command closures duplicate pointers native Array Items PSB interior nodes texture handoff and borrowed lifetime invalidation	motionplayer.dll + emoteplayer.dll + PSBFile raw layer + DrawDeviceD3D dependency + TJS runtime	SLAassign/PSB/spring/chain/isExist/source/commands/calcView/targetSet/layerFactory/buf/array/capture/draw/motionKey/assignTexture@0x6A97F0/0x599038/0x65FB48/0x665D84/0x6CDBD4/0x691CC8/0x6D0E2C/0x6CE908/0x6EC600/0x6CB660/0x6A58DC/0x702098/0x6AAD0C/0x6D3398/0x67C6C0/0x8071A0	SLAassign/PSB/spring/chain/isExist/source/commands/calcView/targetSet/layerFactory/buf/array/capture/draw/motionKey/assignTexture@0x57C814/0x4DD49C/0x551910/0x555010/0x5942F4/0x570500/0x595FF0/0x594958/0x5AA8EC/0x57AC1C/0x57B060/0x5BAA70/0x57CF94/0x597864/0x560FD4/0x6308A8	SLAassign/PSB/spring/chain/isExist/source/commands/calcView/targetSet/layerFactory/buf/array/capture/draw/motionKey/assignTexture@0x10010347C/0x1000EDA48/0x1001A1A8C/0x1001A5BDC/0x10011F558/0x1000F316C/0x100121EB0/0x1001201CC/0x10013DC58/0x1001008A8/0x100100F84/0x10029FF58/0x100103DBC/0x100123C84/0x1001B4F68/0x10007A164	SLAassign/PSB/spring/chain/isExist/source/commands/calcView/targetSet/layerFactory/buf/array/capture/draw/motionKey/assignTexture@0x100874/0xE9D10/0x1A0BE0/0x1A51CC/0x11E054/0xEF97C/0x120CF8/0x11EED4/0x13E812/0xFDA14/0xFE11A/0x2A4A80/0x10116E/0x122F28/0x1B4B38/0x772FC	IMPLEMENTED	cpp/plugins/psbfile/PSBRawFile.h:78; cpp/plugins/motionplayer/SeparateLayerAdaptor.cpp:331; cpp/plugins/motionplayer/EmoteSpring.cpp:118; cpp/plugins/motionplayer/EmoteSpring.cpp:270; cpp/plugins/motionplayer/PlayerResource.cpp:760; cpp/plugins/motionplayer/PlayerResource.cpp:861; cpp/plugins/motionplayer/PlayerLayerQuery.cpp:436; cpp/plugins/motionplayer/PlayerLayerQuery.cpp:788; cpp/plugins/motionplayer/RuntimeSupport.cpp:235; cpp/plugins/motionplayer/SourceCache.cpp:733; cpp/plugins/motionplayer/D3DAdaptor.cpp:73; cpp/plugins/motionplayer/PlayerDrawDispatch.cpp:25; cpp/core/tjs2/tjsVariant.cpp:320; tests/unit-tests/plugins/motionplayer-dll.cpp:9381; tests/unit-tests/plugins/motionplayer-dll.cpp:11664; tests/unit-tests/plugins/motionplayer-dll.cpp:14698; tests/unit-tests/plugins/motionplayer-dll.cpp:15057; tests/unit-tests/plugins/motionplayer-dll.cpp:16106; tests/unit-tests/plugins/motionplayer-dll.cpp:17141	analysis/motionplayer_alias_outputs_same_object_multiple_arguments_borrowed_invalidation_four_binary_2026-08-28.md	fresh four 64 independent alias-owner ranges 18420 complete untruncated instructions 688 xrefs_to and 64 xrefs_from; exact storage closure argv result output pointer container identity source-target self-assignment and borrowed-lifetime taxonomy; production matched; existing alias tests mapped; 64 comments 4 bookmarks four IDBs saved	No MP-B08 task-local static gap; formal native unit Web Debug malicious-dispatch overlap and cross-reference alias-lifetime verification remains MP-V work
MP-B07-CALLBACK-REENTRY-OWNER-CLEAR-CONTAINER-GROWTH-OBJECT-REPLACEMENT	Cross-cutting synchronous callback reentry audit for retained dispatch Variant and slot snapshots live field rereads raw node item source child listener borrows owner clear object replacement deque vector list unordered ordered container growth clear erase rehash invalidation recursive module load and absence of global generation or reentry fences	motionplayer.dll + emoteplayer.dll + DrawDeviceD3D dependency + core module loader	play/loadResult/frame/update/source/Canvas/prepared/privateGLL/D3D/mesh/clear/listener/drawTexture/engine/particle/LoadModule@0x6AF664/0x6AE2F0/0x6BE44C/0x6B871C/0x691CC8/0x6C4820/0x6BF714/0x6DBB18/0x6AB39C/0x69AFE4/0x6A5818/0x5311C8/0x6D3048/0x67A3F8/0x6BC4BC/0x701DE8	play/loadResult/frame/update/source/Canvas/prepared/privateGLL/D3D/mesh/clear/listener/drawTexture/engine/particle/LoadModule@0x580158/0x57F654/0x58A63A/0x5856E0/0x570500/0x58E2CC/0x58B178/0x59CB20/0x57D3DC/0x575800/0x57B018/0x4952AC/0x5976AC/0x55FEF0/0x588A48/0x5BA8E8	play/loadResult/frame/update/source/Canvas/prepared/privateGLL/D3D/mesh/clear/listener/drawTexture/engine/particle/LoadModule@0x100107540/0x1001067BC/0x100113B50/0x10010E544/0x1000F316C/0x1001186E0/0x1001148F8/0x10012B7D0/0x100104450/0x1000F974C/0x100100F10/0x100233720/0x100123970/0x1001B4304/0x100111D08/0x10029FDE4	play/loadResult/frame/update/source/Canvas/prepared/privateGLL/D3D/mesh/clear/listener/drawTexture/engine/particle/LoadModule@0x104AE8/0x103BBC/0x111556/0x10BE5C/0xEF97C/0x11653C/0x1123D8/0x12A304/0x101850/0xF685C/0xFE0D4/0x23259A/0x122C10/0x1B3E10/0x10F51C/0x2A48FC	IMPLEMENTED	cpp/plugins/motionplayer/PlayerTimeline.cpp:95; cpp/plugins/motionplayer/PlayerCore.cpp:442; cpp/plugins/motionplayer/PlayerFrameProgress.cpp:915; cpp/plugins/motionplayer/PlayerUpdateLayers.cpp:11; cpp/plugins/motionplayer/PlayerResource.cpp:665; cpp/plugins/motionplayer/PlayerRenderTargets.cpp:900; cpp/plugins/motionplayer/PlayerRenderTargets.cpp:1064; cpp/plugins/motionplayer/PlayerRenderItems.cpp:500; cpp/plugins/motionplayer/PrivateMotionGLL.cpp:577; cpp/plugins/motionplayer/MotionRenderBackend.cpp:503; cpp/plugins/motionplayer/SourceCache.cpp:743; cpp/plugins/DrawDeviceD3D.cpp:337; cpp/plugins/motionplayer/PlayerUpdateParticles.cpp:248; cpp/core/plugin/ncbind.cpp:18; tests/unit-tests/plugins/motionplayer-dll.cpp:7460; tests/unit-tests/plugins/motionplayer-dll.cpp:9943; tests/unit-tests/plugins/motionplayer-dll.cpp:22668; tests/unit-tests/plugins/motionplayer-dll.cpp:25253; tests/unit-tests/plugins/motionplayer-dll.cpp:26768; tests/unit-tests/plugins/motionplayer-dll.cpp:30584	analysis/motionplayer_callback_reentry_owner_clear_container_growth_object_replacement_four_binary_2026-08-28.md	fresh four 64 independent callback and borrow ranges 39730 complete untruncated instructions 172 xrefs_to and 65 xrefs_from; exact snapshot live-reread raw-borrow container-invalidation object-replacement listener source particle render and recursive-module taxonomy; production matched; existing reentry tests mapped; 64 comments 4 bookmarks four IDBs saved	No MP-B07 task-local static gap; formal native unit Web Debug controlled reentrant-dispatch and cross-reference invalidation verification remains MP-V work
MP-B06-EXCEPTION-SETTER-STORE-PUSH-PUBLICATION-PARTIAL-COMMIT	Cross-cutting exception frontier audit for setter store push emplace persistent native field Variant script Dictionary Array Layer cache tree track state restore prepared queue GPU registration and one-shot publication commit order temporary unwind cleanup persistent residue ignored HRESULT versus throw and ABI-specific EH without transactional rollback	motionplayer.dll + emoteplayer.dll + core module loader	materialize/load/findMotion/findSource/node/initVars/play/restore/calcView/commands/prepared/privateGLL/D3D/source/clear/LoadModule@0x6CB57C/0x6A616C/0x6A72B4/0x691CC8/0x6B1E4C/0x6CAB30/0x6AF664/0x675424/0x6CE908/0x6D0E2C/0x6BF714/0x6DBB18/0x6AB39C/0x6EE440/0x6A5818/0x701DE8	materialize/load/findMotion/findSource/node/initVars/play/restore/calcView/commands/prepared/privateGLL/D3D/source/clear/LoadModule@0x592F7C/0x57B338/0x57B9F8/0x570500/0x5818B0/0x592944/0x580158/0x55CF3C/0x594958/0x595FF0/0x58B178/0x59CB20/0x57D3DC/0x5AC518/0x57B018/0x5BA8E8	materialize/load/findMotion/findSource/node/initVars/play/restore/calcView/commands/prepared/privateGLL/D3D/source/clear/LoadModule@0x10011E2BC/0x1001012D8/0x100101E84/0x1000F316C/0x100109328/0x10011D540/0x100107540/0x1001B1130/0x1001201CC/0x100121EB0/0x1001148F8/0x10012B7D0/0x100104450/0x10014019C/0x100100F10/0x10029FDE4	materialize/load/findMotion/findSource/node/initVars/play/restore/calcView/commands/prepared/privateGLL/D3D/source/clear/LoadModule@0x11CAC8/0xFE40C/0xFF11C/0xEF97C/0x106BDC/0x11BF04/0x104AE8/0x1B0B80/0x11EED4/0x120CF8/0x1123D8/0x12A304/0x101850/0x1414C0/0xFE0D4/0x2A48FC	IMPLEMENTED	cpp/plugins/motionplayer/PlayerRenderTargets.cpp:216; cpp/plugins/motionplayer/ResourceManager.cpp:310; cpp/plugins/motionplayer/ResourceManager.cpp:591; cpp/plugins/motionplayer/PlayerResource.cpp:665; cpp/plugins/motionplayer/NodeTree.cpp:81; cpp/plugins/motionplayer/PlayerMotionLoad.cpp:35; cpp/plugins/motionplayer/PlayerTimeline.cpp:95; cpp/plugins/motionplayer/EmoteEngine.cpp:3510; cpp/plugins/motionplayer/PlayerLayerQuery.cpp:436; cpp/plugins/motionplayer/PlayerLayerQuery.cpp:795; cpp/plugins/motionplayer/PlayerRenderItems.cpp:500; cpp/plugins/motionplayer/PrivateMotionGLL.cpp:577; cpp/plugins/motionplayer/MotionRenderBackend.cpp:507; cpp/plugins/motionplayer/SourceCache.cpp:667; cpp/plugins/motionplayer/SourceCache.cpp:743; cpp/core/plugin/ncbind.cpp:18; tests/unit-tests/plugins/motionplayer-dll.cpp:11288; tests/unit-tests/plugins/motionplayer-dll.cpp:12700; tests/unit-tests/plugins/motionplayer-dll.cpp:19713; tests/unit-tests/plugins/motionplayer-dll.cpp:21757; tests/unit-tests/plugins/motionplayer-dll.cpp:26289; tests/unit-tests/plugins/motionplayer-dll.cpp:29872	analysis/motionplayer_exception_setter_store_push_publication_partial_commit_four_binary_2026-08-28.md	fresh four 64 independent publication-frontier ranges 30780 complete untruncated instructions 126 xrefs_to and 64 xrefs_from; exact native script container Layer cache tree state prepared queue GPU and registrar commit-order temporary cleanup persistent residue ignored-status-versus-throw and EH taxonomy; production matched; existing failure-frontier tests mapped; 64 comments 4 bookmarks four IDBs saved	No MP-B06 task-local static gap; formal native unit Web Debug allocator callback failure-injection and cross-reference partial-commit verification remains MP-V work
MP-B05-STRING-NULL-ALLOCATED-EMPTY-CASE-UTF16-NUL-HASH	Cross-cutting string identity encoding comparison and key audit for null backing allocated-empty embedded UTF-16 NUL stored Length case-sensitive motion keys ASCII-only module lowering narrow .tpm case-insensitive extension matching exact 32-bit UTF-16 hash shared Hint publication backing equality ordered comparator ResourceManager path and PSB dynamic conversion boundaries	motionplayer.dll + emoteplayer.dll + TJS string runtime + core plugin loader	state/hash-or-find/equal-or-loaded/ordered/corecmp/load/unload/exist/findMotion/findSource/LoadModule/lowered/AllRegist/link/getList/autoload@0x685060/0x534364/0x6E8CD4/0x6B2498/0x9B07D0/0x6A616C/0x6A697C/0x6A6AD8/0x6A72B4/0x691CC8/0x548E24/0x701DE8/0x548EAC/0x9086A0/0x9087DC/0x907618	state/hash/equal/ordered/corecmp/load/unload/exist/findMotion/findSource/LoadModule/lowered/AllRegist/link/getList/autoload@0x5669AC/0x497AFA/0x497BA0/0x581C54/0x72A318/0x57B338/0x57B6F8/0x57B780/0x57B9F8/0x570500/0x4A9648/0x5BA8E8/0x4A96A0/0x6C7E58/0x6C7F20/0x6C77BC	state/hash/equal/ordered/corecmp/load/unload/exist/findMotion/findSource/LoadModule/lowered/AllRegist/link/getList/autoload@0x1001A6938/0x100039AEC/0x10002E518/0x100141740/0x10036446C/0x1001012D8/0x100101A28/0x100101AC8/0x100101E84/0x1000F316C/0x100287B38/0x10029FDE4/0x100287B8C/0x1003F2210/0x1003F22E4/0x1003F1CD4	state/hash/equal/ordered/corecmp/load/unload/exist/findMotion/findSource/LoadModule/lowered/AllRegist/link/getList/autoload@0x1A6074/0x3798C/0x675B8/0x142844/0x3671EC/0xFE40C/0xFEC04/0xFECF4/0xFF11C/0xEF97C/0x28A8A4/0x2A48FC/0x28A950/0x3D9884/0x3D9A0C/0x3D923C	IMPLEMENTED	cpp/plugins/motionplayer/internal/ttstr_hash.h:27; cpp/plugins/motionplayer/internal/ttstr_hash.h:48; cpp/plugins/motionplayer/internal/ttstr_hash.h:72; cpp/plugins/motionplayer/internal/ttstr_hash.h:91; cpp/plugins/motionplayer/internal/player_containers.h:29; cpp/plugins/motionplayer/internal/player_containers.h:68; cpp/plugins/motionplayer/ResourceManager.cpp:310; cpp/plugins/motionplayer/ResourceManager.cpp:393; cpp/plugins/motionplayer/ResourceManager.cpp:544; cpp/plugins/motionplayer/PlayerResource.cpp:665; cpp/core/tjs2/tjsString.h:167; cpp/core/tjs2/tjsString.h:382; cpp/core/tjs2/tjsString.h:390; cpp/core/tjs2/tjsVariantString.cpp:546; cpp/core/tjs2/tjsVariantString.cpp:594; cpp/core/plugin/ncbind.cpp:18; cpp/core/plugin/ncbind.hpp:2133; cpp/core/plugin/PluginImpl.cpp:78; tests/unit-tests/plugins/motionplayer-dll.cpp:19922; tests/unit-tests/plugins/motionplayer-dll.cpp:19965; tests/unit-tests/plugins/motionplayer-dll.cpp:20032	analysis/motionplayer_string_null_allocated_empty_case_utf16_nul_hash_four_binary_2026-08-28.md; analysis/motionplayer_ttstr_hash_equality_key_boundaries_four_binary_2026-08-27.md	fresh four 64 independent string-key and consumer ranges 11863 complete untruncated instructions 1963 xrefs_to and 64 xrefs_from; complete UTF8 UTF16LE UTF32LE raw searches and boundary-byte reads for four representative literals; exact null allocated-empty embedded-NUL case domain hash Hint equality ordered and encoding-route taxonomy; production matched; added embedded-NUL regression; 64 comments 4 bookmarks four IDBs saved	No MP-B05 task-local static gap; formal native unit Web Debug and cross-reference string-boundary differential verification remains MP-V work
MP-B04-FP-INTEGER-SATURATION-TRUNCATION-WRAP-ROUNDING	Cross-cutting float double to signed unsigned integer audit for saturating conversion toward-zero truncation explicit half-away pre-rounding signed versus unsigned cap domains low-word and low-byte narrowing uint32 arithmetic wrap signed-word reinterpretation and integer zero-divisor platform disposition across timeline particle camera mesh Bezier render D3D color and layer-id families	motionplayer.dll	blink/update/evaluator/emitter/calcView/commandList/prepared/commands/Canvas/accurateSLA/D3D/mesh/layerIdRequire/layerIdRelease/setColor/tint@0x660FBC/0x6B871C/0x696EC4/0x6BC1B0/0x6CE908/0x6D0E2C/0x6BF714/0x6C2208/0x6C4820/0x6C7088/0x6AB39C/0x69AFE4/0x6A8A74/0x6A8B30/0x66FB5C/0x6A48F8	blink/update/evaluator/emitter/calcView/commandList/prepared/commands/Canvas/accurateSLA/D3D/mesh/layerIdRequire/layerIdRelease/setColor/tint@0x552472/0x5856E0/0x573158/0x588820/0x594958/0x595FF0/0x58B178/0x58C7C4/0x58E2CC/0x590468/0x57D3DC/0x575800/0x57C258/0x57C2C8/0x55A6E8/0x57A754	blink/update/evaluator/emitter/calcView/commandList/prepared/commands/Canvas/accurateSLA/D3D/mesh/layerIdRequire/layerIdRelease/setColor/tint@0x1001A27A0/0x10010E544/0x1000F6C34/0x100111A6C/0x1001201CC/0x100121EB0/0x1001148F8/0x1001167BC/0x1001186E0/0x10011A9E8/0x100104450/0x1000F974C/0x100102D40/0x100102DB8/0x1001ADA3C/0x10010032C	blink/update/evaluator/emitter/calcView/commandList/prepared/commands/Canvas/accurateSLA/D3D/mesh/layerIdRequire/layerIdRelease/setColor/tint@0x1A19D8/0x10BE5C/0xF3894/0x10F2CC/0x11EED4/0x120CF8/0x1123D8/0x114118/0x11653C/0x118D70/0x101850/0xF685C/0x100240/0x10028A/0x1AD0CC/0xFD4B4	IMPLEMENTED	cpp/plugins/motionplayer/PlayerInternal.h:381; cpp/plugins/motionplayer/PlayerUpdateLayersInternal.h:47; cpp/plugins/motionplayer/PlayerUpdateLayersInternal.h:74; cpp/plugins/motionplayer/PlayerUpdateLayersInternal.h:82; cpp/plugins/motionplayer/PlayerUpdateLayersInternal.h:878; cpp/plugins/motionplayer/PlayerUpdateLayersInternal.h:893; cpp/plugins/motionplayer/PlayerUpdateLayersInternal.h:905; cpp/plugins/motionplayer/PlayerUpdateLayersInternal.h:915; cpp/plugins/motionplayer/PlayerUpdateLayersInternal.h:925; cpp/plugins/motionplayer/PlayerRenderInternal.cpp:408; cpp/plugins/motionplayer/PlayerRenderItems.cpp:50; cpp/plugins/motionplayer/PlayerRenderItems.cpp:63; cpp/plugins/motionplayer/PlayerLayerQuery.cpp:17; cpp/plugins/motionplayer/PlayerLayerQuery.cpp:34; tests/unit-tests/plugins/motionplayer-dll.cpp:5821; tests/unit-tests/plugins/motionplayer-dll.cpp:5844; tests/unit-tests/plugins/motionplayer-dll.cpp:5874; tests/unit-tests/plugins/motionplayer-dll.cpp:8018; tests/unit-tests/plugins/motionplayer-dll.cpp:23823; tests/unit-tests/plugins/motionplayer-dll.cpp:23859; tests/unit-tests/plugins/motionplayer-dll.cpp:24179; tests/unit-tests/plugins/motionplayer-dll.cpp:32474	analysis/motionplayer_fp_to_integer_saturation_truncation_wrap_rounding_four_binary_2026-08-28.md	fresh four 64 independent numeric-materialization ranges 48792 complete untruncated instructions 126 xrefs_to and 64 xrefs_from; exact signed and unsigned saturation toward-zero half-away word-wrap byte-narrow signed-reinterpret and AArch64 versus ARMv7 integer-divide boundary taxonomy; production matched; existing tests mapped; 64 comments 4 bookmarks four IDBs saved	No MP-B04 task-local static gap; formal native unit Web Debug and cross-reference numeric-boundary differential verification remains MP-V work
MP-B03-NAN-INF-NEGATIVEZERO-SUBNORMAL-DIVZERO-UNORDERED	Cross-cutting special floating-point audit for ordered inequality complemented unordered exact equality operand-ordered min max fmin fmax compare-select double-float stage narrowing NaN propagation infinity nontermination signed-zero selection subnormal underflow zero divisors non-FMA association and explicit AArch64 versus ARMv7 machine boundaries across controllers frame geometry projection clip inverse and mesh	motionplayer.dll	engine/var/angle-step/angle-target/blink/spring/frame/parameter/camera/vertex/bounds/projection/commands/reverse/mesh/affine@0x67A3F8/0x663FD8/0x663A14/0x663870/0x660FBC/0x65FB48/0x6BE44C/0x6AEAF8/0x6B93E0/0x6B98D0/0x6C10E4/0x6D2644/0x6C2208/0x6D8544/0x69AFE4/0x6D22F4	engine/var/angle-step/angle-target/blink/spring/frame/parameter/camera/vertex/bounds/projection/commands/reverse/mesh/affine@0x55FEF0/0x554014/0x553B98/0x553AD4/0x552472/0x551910/0x58A63A/0x57FA14/0x586228/0x5866F8/0x58BE38/0x596EB0/0x58C7C4/0x59A400/0x575800/0x596C40	engine/var/angle-step/angle-target/blink/spring/frame/parameter/camera/vertex/bounds/projection/commands/reverse/mesh/affine@0x1001B4304/0x1001A48C0/0x1001A43C0/0x1001A4308/0x1001A27A0/0x1001A1A8C/0x100113B50/0x100106D00/0x10010F22C/0x10010F6AC/0x100115C68/0x100123038/0x1001167BC/0x100128038/0x1000F974C/0x100122D54	engine/var/angle-step/angle-target/blink/spring/frame/parameter/camera/vertex/bounds/projection/commands/reverse/mesh/affine@0x1B3E10/0x1A3E48/0x1A3838/0x1A3798/0x1A19D8/0x1A0BE0/0x111556/0x104168/0x10CA04/0x10CE30/0x11354C/0x1220F0/0x114118/0x1273E4/0xF685C/0x121D90	IMPLEMENTED	cpp/plugins/motionplayer/EmoteEngine.cpp:31; cpp/plugins/motionplayer/EmoteEngine.cpp:3817; cpp/plugins/motionplayer/EmoteVarController.cpp:29; cpp/plugins/motionplayer/EmoteAngleController.cpp:41; cpp/plugins/motionplayer/EmoteAngleController.cpp:82; cpp/plugins/motionplayer/EmoteBlinkController.cpp:151; cpp/plugins/motionplayer/EmoteSpring.cpp:22; cpp/plugins/motionplayer/PlayerVariable.cpp:66; cpp/plugins/motionplayer/PlayerUpdateGeometry.cpp:8; cpp/plugins/motionplayer/PlayerUpdateGeometry.cpp:153; cpp/plugins/motionplayer/PlayerRenderItems.cpp:190; cpp/plugins/motionplayer/PlayerRenderItems.cpp:321; cpp/plugins/motionplayer/PlayerRenderExecute.cpp:240; cpp/plugins/motionplayer/PlayerRenderExecute.cpp:396; cpp/plugins/motionplayer/MotionLayerExtensions.cpp:813; cpp/plugins/motionplayer/MotionRenderBackend.cpp:194; cpp/plugins/motionplayer/MotionRenderBackend.cpp:507; cpp/plugins/motionplayer/PlayerDrawDispatch.cpp:8; tests/unit-tests/plugins/motionplayer-dll.cpp:11364; tests/unit-tests/plugins/motionplayer-dll.cpp:12930; tests/unit-tests/plugins/motionplayer-dll.cpp:13972; tests/unit-tests/plugins/motionplayer-dll.cpp:22327; tests/unit-tests/plugins/motionplayer-dll.cpp:27763; tests/unit-tests/plugins/motionplayer-dll.cpp:28050; tests/unit-tests/plugins/motionplayer-dll.cpp:32162; tests/unit-tests/plugins/motionplayer-dll.cpp:32311	analysis/motionplayer_nan_inf_negative_zero_subnormal_divzero_unordered_four_binary_2026-08-28.md	fresh four 64 independent special-FP archetype ranges 24816 complete untruncated instructions and 192 xrefs_to; exact call-site compare/minmax/precision/narrowing/NaN/Inf/signed-zero/subnormal/divzero/nontermination taxonomy plus retained AArch64-ARMv7 machine boundaries; production matched; 64 comments 4 bookmarks four IDBs saved	No MP-B03 task-local static gap; formal native unit Web Debug Wasmtime-ADB special-FP differential and timeout-isolated nontermination verification remains MP-V work
MP-B02-EMPTY-SINGLE-DUPLICATE-NEGATIVE-END-HUGE-COUNT	Cross-cutting container and index audit for empty single duplicate negative wrap signed skip size_t promotion end one-past-end trusted indexing huge count overflow max_size allocation and erase disposition across node parameter event controller timeline resource cache Layer TJS Array prepared mesh Bezier and global cache archetypes	motionplayer.dll	node/parameter/event/selector/timeline/layerId/cache/SLA/listener/TJSArray/prepared/findMotion/mesh/basis/geometry@0x6B1E4C/0x6C1A48/0x6C1870/0x66ACDC/0x679680/0x6A8B30/0x6A3EE0/0x6C46C4/0x5311C8/0x6DFC90/0x6BF714/0x6A72B4/0x69AFE4/0x69DE30/0x6A264C	node/parameter/event/selector/timeline/layerId/cache/SLA/listener/TJSArray/prepared/findMotion/mesh/basis/geometry@0x5818B0/0x58C4D8/0x58C3A8/0x557E04/0x55F6E4/0x57C2C8/0x57A106/0x58E174/0x4952AC/0x5A099C/0x58B178/0x57B9F8/0x575800/0x576C7C/0x579258	node/parameter/event/selector/timeline/layerId/cache/SLA/listener/TJSArray/prepared/findMotion/mesh/basis/geometry@0x100109328/0x100116410/0x10011622C/0x1001AA030/0x1001B341C/0x100102DB8/0x1000FFA1C/0x10011844C/0x100233720/0x1000FAED8/0x1001148F8/0x100101E84/0x1000F974C/0x1000FB4A8/0x1000FE804	node/parameter/event/selector/timeline/layerId/cache/SLA/listener/TJSArray/prepared/findMotion/mesh/basis/geometry@0x106BDC/0x113D54/0x113B64/0x1A96D8/0x1B2F70/0x10028A/0xFCCD2/0x116280/0x23259A/0xF7F90/0x1123D8/0xFF11C/0xF685C/0xF854C/0xFB868	IMPLEMENTED	cpp/plugins/motionplayer/NodeTree.cpp:245; cpp/plugins/motionplayer/PlayerVariable.cpp:176; cpp/plugins/motionplayer/PlayerFrameProgress.cpp:1240; cpp/plugins/motionplayer/EmoteEngine.cpp:2955; cpp/plugins/motionplayer/ResourceManager.cpp:513; cpp/plugins/motionplayer/SourceCache.cpp:815; cpp/plugins/motionplayer/PlayerRenderItems.cpp:442; cpp/plugins/motionplayer/MotionRenderBackend.cpp:194; cpp/plugins/motionplayer/MotionRenderBackend.cpp:507; cpp/plugins/motionplayer/RuntimeSupport.cpp:449; analysis/motionplayer_all_container_boundary_audit_four_binary_2026-08-27.md; analysis/motionplayer_stl_container_source_attribution_four_binary_2026-08-27.md; tests/unit-tests/plugins/motionplayer-dll.cpp:6870; tests/unit-tests/plugins/motionplayer-dll.cpp:8018; tests/unit-tests/plugins/motionplayer-dll.cpp:9309; tests/unit-tests/plugins/motionplayer-dll.cpp:9778; tests/unit-tests/plugins/motionplayer-dll.cpp:12157; tests/unit-tests/plugins/motionplayer-dll.cpp:12705; tests/unit-tests/plugins/motionplayer-dll.cpp:14484; tests/unit-tests/plugins/motionplayer-dll.cpp:14929	analysis/motionplayer_empty_single_duplicate_negative_end_huge_count_boundary_four_binary_2026-08-28.md	fresh four 60 independent boundary-archetype ranges 18313 complete untruncated instructions and 326 xrefs_to; exact empty/single/duplicate disposition negative-width paths end versus unchecked index huge reserve/length and allocation-publication taxonomy across the full prior container denominator; production matched; 60 comments 4 bookmarks four IDBs saved	No MP-B02 task-local static gap; formal native unit Web Debug allocator-fault and malformed-count runtime verification remains MP-V work
MP-B01-NULL-VOID-MISSING-STATUS-NONOBJECT-BOUNDARY	Cross-cutting Null objthis typed-null Object raw-native-pointer exact Void sentinel dynamic miss optional field one-shot publication non-object strict conversion arbitrary Variant storage MEMBERMUSTEXIST missing-property failed-status result-slot and public NCB receiver argc result boundary audit across all 316 registered candidates and dynamic TJS call families	motionplayer.dll	SLA-ctor/target-set/draw/play/parameter/random/materialize/findMotion/findSource/progress-raw@0x6EBECC/0x6EC600/0x6D3398/0x6AF664/0x6AEAF8/0x6A894C/0x6CB57C/0x6A72B4/0x6A7F1C/0x6CFE78	SLA-ctor/target-set/draw/play/parameter/random/materialize/findMotion/findSource/progress-raw@0x5AA1C8/0x5AA8EC/0x597864/0x580158/0x57FA14/0x57C1CC/0x592F7C/0x57B9F8/0x57BDE0/0x595598	SLA-ctor/target-set/draw/play/parameter/random/materialize/findMotion/findSource/progress-raw@0x10013D3E8/0x10013DC58/0x100123C84/0x100107540/0x100106D00/0x100102C90/0x10011E2BC/0x100101E84/0x100102594/0x100121204	SLA-ctor/target-set/draw/play/parameter/random/materialize/findMotion/findSource/progress-raw@0x13DE14/0x13E812/0x122F28/0x104AE8/0x104168/0x1000F0/0x11CAC8/0xFF11C/0xFF890/0x11FFB4	IMPLEMENTED	analysis/motionplayer_ncb_equivalence.tsv; cpp/plugins/motionplayer/main.cpp; cpp/plugins/motionplayer/EmotePlayer.cpp; cpp/plugins/motionplayer/PlayerDrawDispatch.cpp:25; cpp/plugins/motionplayer/PlayerTimeline.cpp:95; cpp/plugins/motionplayer/PlayerCore.cpp:442; cpp/plugins/motionplayer/PlayerVariable.cpp:66; cpp/plugins/motionplayer/ResourceManager.cpp:406; cpp/plugins/motionplayer/ResourceManager.cpp:591; cpp/plugins/motionplayer/ResourceManager.cpp:666; cpp/plugins/motionplayer/PlayerRenderTargets.cpp:455; cpp/plugins/motionplayer/SeparateLayerAdaptor.h:84; cpp/plugins/motionplayer/RuntimeSupport.cpp:468; tests/unit-tests/plugins/motionplayer-dll.cpp:13125; tests/unit-tests/plugins/motionplayer-dll.cpp:15057; tests/unit-tests/plugins/motionplayer-dll.cpp:19713; tests/unit-tests/plugins/motionplayer-dll.cpp:21759; tests/unit-tests/plugins/motionplayer-dll.cpp:24952; tests/unit-tests/plugins/motionplayer-dll.cpp:27126; tests/unit-tests/plugins/motionplayer-dll.cpp:31681	analysis/motionplayer_null_void_missing_status_nonobject_boundary_four_binary_2026-08-28.md	316 of 316 NCB candidates retain four-target evidence plus dynamic TJS lexical denominator audit; fresh four 40 independent representative boundary-family ranges 8610 complete untruncated instructions and 54 xrefs_to; exact Null categories Void roles strict versus arbitrary Variant status branch versus ignored status result-slot and partial-publication taxonomy; production matched; 40 comments 4 bookmarks four IDBs saved	No MP-B01 task-local static gap; formal native unit Web Debug and malicious-dispatch failure-injection runtime verification remains MP-V work
MP-G24-ONE-FRAME-INPUT-STATE-TO-FINAL-DRAW-PRODUCTS	One-frame two-entry protocol from EmoteEngine timeline controller variable input through Player frame slots accumulated transforms vertices bounds events and target-routed persistent PreparedRenderItem main aux sort route-dependent projection Layer command private queue D3D batch mesh cell and final TJS Layer or OperateTriangles products including owner borrow reentry and partial-commit timeline	motionplayer.dll	engine/frame/update/vertex/bounds/events/draw/prepare/append/projection/commands/Canvas/post/directD3D/directSLA/accurateSLA/privateGLL/deep/mesh/envelope@0x67A3F8/0x6BE44C/0x6B871C/0x6B98D0/0x6C10E4/0x6C1870/0x6D3398/0x6D2544/0x6BF714/0x6D2644/0x6C2208/0x6C4820/0x6CBBB8/0x6D2F70/0x6D2A38/0x6C7088/0x6DA94C/0x6AB39C/0x69AFE4/0x6AB204	engine/frame/update/vertex/bounds/events/draw/prepare/append/projection/commands/Canvas/post/directD3D/directSLA/accurateSLA/privateGLL/deep/mesh/envelope@0x55FEF0/0x58A63A/0x5856E0/0x5866F8/0x58BE38/0x58C3A8/0x597864/0x596DF0/0x58B178/0x596EB0/0x58C7C4/0x58E2CC/0x59327C/0x59761C/0x597328/0x590468/0x59BFB4/0x57D3DC/0x575800/0x57D2CC	engine/frame/update/vertex/bounds/events/draw/prepare/append/projection/commands/Canvas/post/directD3D/directSLA/accurateSLA/privateGLL/deep/mesh/envelope@0x1001B4304/0x100113B50/0x10010E544/0x10010F6AC/0x100115C68/0x10011622C/0x100123C84/0x100122F68/0x1001148F8/0x100123038/0x1001167BC/0x1001186E0/0x10011E6CC/0x100123844/0x1001233C8/0x10011A9E8/0x10012A9B4/0x100104450/0x1000F974C/0x100104284	engine/frame/update/vertex/bounds/events/draw/prepare/append/projection/commands/Canvas/post/directD3D/directSLA/accurateSLA/privateGLL/deep/mesh/envelope@0x1B3E10/0x111556/0x10BE5C/0x10CE30/0x11354C/0x113B64/0x122F28/0x121FDC/0x1123D8/0x1220F0/0x114118/0x11653C/0x11CF20/0x122AAC/0x12257C/0x118D70/0x129724/0x101850/0xF685C/0x101680	IMPLEMENTED	cpp/plugins/motionplayer/EmotePlayer.cpp:515; cpp/plugins/motionplayer/EmoteEngine.cpp:3817; cpp/plugins/motionplayer/PlayerFrameProgress.cpp:915; cpp/plugins/motionplayer/PlayerFrameProgress.cpp:1292; cpp/plugins/motionplayer/PlayerUpdateLayers.cpp:11; cpp/plugins/motionplayer/PlayerUpdateGeometry.cpp:153; cpp/plugins/motionplayer/PlayerRenderItems.cpp:321; cpp/plugins/motionplayer/PlayerDrawDispatch.cpp:25; cpp/plugins/motionplayer/PlayerRenderItems.cpp:442; cpp/plugins/motionplayer/PlayerRenderItems.cpp:931; cpp/plugins/motionplayer/PlayerRenderItems.cpp:971; cpp/plugins/motionplayer/PlayerRenderExecute.cpp:396; cpp/plugins/motionplayer/PlayerRenderTargets.cpp:489; cpp/plugins/motionplayer/PlayerRenderTargets.cpp:624; cpp/plugins/motionplayer/PlayerRenderTargets.cpp:887; cpp/plugins/motionplayer/PlayerRenderTargets.cpp:1081; cpp/plugins/motionplayer/PrivateMotionGLL.cpp:250; cpp/plugins/motionplayer/MotionRenderBackend.cpp:507; cpp/plugins/motionplayer/MotionRenderBackend.cpp:725	analysis/motionplayer_one_frame_input_state_to_final_draw_products_four_binary_2026-08-28.md	fresh four 80 independent ranges 49689 complete untruncated instructions and 191 xrefs_to; exact two-entry frame contract Engine timeline-controller bind Player frame-update-geometry-bounds-events persistent item lists route matrix sticky shared-D3D projection omission Layer/private queue/D3D final products and lifetime/partial-commit audit; production matched; 80 comments 4 bookmarks four IDBs saved	No MP-G24 task-local static gap; formal native unit Web Debug frame trace draw-call capture and cross-reference one-frame differential verification remains MP-V work
MP-G23-WEB-COCOS-REFERENCE-RENDER-PLATFORM-BOUNDARIES	Web Cocos versus four-reference render capability audit covering private named OpenGL manager default-software split target texture FBO destination-read fallback explicit triangles source coordinates blend alpha-test stencil software/GPU alpha mask Canvas Layer route Cocos texture handoff and strict separation of expressible semantics from GPU precision WebGL resource context-loss and browser physical-presentation boundaries	motionplayer.dll + WebGL2 OpenGL render manager + Cocos presentation bridge	manager/envelope/deep/mesh/privateGLL/alphaMask/Canvas@0x6930E4/0x6AB204/0x6AB39C/0x69AFE4/0x6DA94C/0x6AC4E4/0x6C4820	manager/envelope/deep/mesh/privateGLL/alphaMask/Canvas@0x570EA0/0x57D2CC/0x57D3DC/0x575800/0x59BFB4/0x57E1E8/0x58E2CC	manager/envelope/deep/mesh/privateGLL/alphaMask/Canvas@0x1000F3D90/0x100104284/0x100104450/0x1000F974C/0x10012A9B4/0x100104E68/0x1001186E0	manager/envelope/deep/mesh/privateGLL/alphaMask/Canvas@0xF0834/0x101680/0x101850/0xF685C/0x129724/0x10243C/0x11653C	PLATFORM_BOUNDARY	cpp/plugins/motionplayer/MotionRenderBackend.cpp:21; cpp/plugins/motionplayer/MotionRenderBackend.cpp:278; cpp/plugins/motionplayer/MotionRenderBackend.cpp:452; cpp/plugins/motionplayer/MotionRenderBackend.cpp:507; cpp/plugins/motionplayer/PlayerRenderTargets.cpp:948; cpp/plugins/motionplayer/PlayerRenderTargets.cpp:987; cpp/plugins/motionplayer/PrivateMotionGLL.cpp:250; cpp/plugins/motionplayer/PlayerRenderInternal.cpp:910; cpp/plugins/motionplayer/PlayerRenderTargets.cpp:1081; cpp/core/visual/ogl/RenderManager_ogl.cpp:2576; cpp/core/visual/ogl/RenderManager_ogl.cpp:4740; cpp/core/visual/ogl/RenderManager_ogl.cpp:5013; cpp/core/environ/cocos2d/MainScene.cpp:1113; cpp/core/environ/cocos2d/AppDelegate.cpp:58; cpp/core/environ/web/Platform.cpp:263; CMakeLists.txt:116	analysis/motionplayer_web_cocos_render_platform_boundaries_four_binary_2026-08-28.md	fresh four 28 independent ranges 23412 complete untruncated instructions and 171 xrefs_to; reference API requirement versus WebGL2 Cocos capability matrix; all normal target triangle blend alpha-test stencil alpha-mask and Canvas semantics expressible; only cross-GPU last-bit raster sampling WebGL resource/context-loss/failure timing and post-Cocos browser physical presentation are boundaries; 28 comments 4 bookmarks four IDBs saved	No MP-G23 task-local static gap; platform-boundary classification is limited to hardware/browser-defined output and failure domains; formal Web build framebuffer draw-state pixel-tolerance and context-loss verification remains MP-V work
MP-G22-FULL-COORDINATE-CHAIN-PSB-OWNER-PRIMARY-PAINTBOX-SCREEN	Full coordinate chain from PSB layer/source dimensions origin clip and local transform through accumulated node matrix quad or Bezier/composite mesh calcBounds PreparedRenderItem corners paintBox camera/stereovision target clip Canvas/D3D target-local pixels plus ownerLayer lifecycle and primaryLayer parent hierarchy to the external KiriKiri screen compositor boundary	motionplayer.dll	init/source/update/local/vertex/bounds/prepared/projection/commands/SLA/materialize/Canvas/D3D/mesh/post@0x6B1058/0x691CC8/0x6B871C/0x696D20/0x6B98D0/0x6C10E4/0x6BF714/0x6D2644/0x6C2208/0x6C3DB4/0x6C3F28/0x6CB57C/0x6C4820/0x6AB204/0x69AFE4/0x6CBBB8	init/source/update/local/vertex/bounds/prepared/projection/commands/SLA/materialize/Canvas/D3D/mesh/post@0x580FA4/0x570500/0x5856E0/0x572F80/0x5866F8/0x58BE38/0x58B178/0x596EB0/0x58C7C4/0x58DBDC/0x58DCD4/0x592F7C/0x58E2CC/0x57D2CC/0x575800/0x59327C	init/source/update/local/vertex/bounds/prepared/projection/commands/SLA/materialize/Canvas/D3D/mesh/post@0x100108720/0x1000F316C/0x10010E544/0x1000F6A7C/0x10010F6AC/0x100115C68/0x1001148F8/0x100123038/0x1001167BC/0x1001298C4/0x100117E88/0x10011E2BC/0x1001186E0/0x100104284/0x1000F974C/0x10011E6CC	init/source/update/local/vertex/bounds/prepared/projection/commands/SLA/materialize/Canvas/D3D/mesh/post@0x105E70/0xEF97C/0x10BE5C/0xF36BC/0x10CE30/0x11354C/0x1123D8/0x1220F0/0x114118/0x128890/0x115B34/0x11CAC8/0x11653C/0x101680/0xF685C/0x11CF20	IMPLEMENTED	cpp/plugins/motionplayer/NodeTree.cpp:81; cpp/plugins/motionplayer/PlayerResource.cpp:665; cpp/plugins/motionplayer/PlayerUpdateLayers.cpp:11; cpp/plugins/motionplayer/PlayerUpdateLayersInternal.h:621; cpp/plugins/motionplayer/PlayerUpdateGeometry.cpp:153; cpp/plugins/motionplayer/PlayerRenderItems.cpp:321; cpp/plugins/motionplayer/PlayerRenderItems.cpp:442; cpp/plugins/motionplayer/PlayerRenderItems.cpp:971; cpp/plugins/motionplayer/PlayerRenderExecute.cpp:396; cpp/plugins/motionplayer/SeparateLayerAdaptor.cpp:204; cpp/plugins/motionplayer/SeparateLayerAdaptor.cpp:290; cpp/plugins/motionplayer/PlayerRenderTargets.cpp:455; cpp/plugins/motionplayer/PlayerRenderTargets.cpp:948; cpp/plugins/motionplayer/PlayerRenderTargets.cpp:1081; cpp/plugins/motionplayer/PlayerRenderTargets.cpp:1162; cpp/plugins/motionplayer/MotionRenderBackend.cpp:507; tests/unit-tests/plugins/motionplayer-dll.cpp:5748; tests/unit-tests/plugins/motionplayer-dll.cpp:6301; tests/unit-tests/plugins/motionplayer-dll.cpp:6462; tests/unit-tests/plugins/motionplayer-dll.cpp:6509; tests/unit-tests/plugins/motionplayer-dll.cpp:13770; tests/unit-tests/plugins/motionplayer-dll.cpp:17993; tests/unit-tests/plugins/motionplayer-dll.cpp:20132; tests/unit-tests/plugins/motionplayer-dll.cpp:24101; tests/unit-tests/plugins/motionplayer-dll.cpp:25663; tests/unit-tests/plugins/motionplayer-dll.cpp:26834; tests/unit-tests/plugins/motionplayer-dll.cpp:32162	analysis/motionplayer_full_coordinate_chain_psb_owner_primary_paintbox_screen_four_binary_2026-08-28.md	fresh four 64 independent ranges 42515 complete untruncated instructions and 186 xrefs_to; exact source origin/local-parent matrix/vertex-mesh/bounds/prepared/projection/clip/Canvas-D3D target-local chain and owner-primary hierarchy versus external screen-compositor boundary; production matched; existing stage regressions retained; 64 comments 4 bookmarks four IDBs saved	No MP-G22 task-local static gap; target Layer to physical screen placement belongs to the KiriKiri compositor contract; formal native unit Web Debug and screen-integration verification remains MP-V work
MP-D12-RELOAD-CLEAR-UNLOAD-LIVE-NODE-RENDER-SOURCE	Player reload reset rebuild destructor MotionNode deque suffix erase root clear persistent PreparedRenderItem borrowed sourceState parent child and prepared lists LayerGetter raw node facade SourceState owning ObjSource versus borrowed atlas texture SourceCache Layer invalidation clear ResourceManager unload module owner D3D software texture borrowed-key mapped-holder clear reentry dangling partial-commit and data-race boundaries	motionplayer.dll + PSBFile raw layer + D3DAdaptor render source	reset/build/dtor@0x6B2AD8/0x6B25D0/0x6CCEBC erase/clear/node/item@0x6F11EC/0x6F174C/0x6F206C/0x6F21DC getter/list@0x6D0CD4/0x6D2368 prepared/render@0x6BF714/0x6C2208 source/clear@0x691CC8/0x6A4CD4 unload@0x6A697C/0x6A60D8 ObjSource@0x6E145C D3D@0x6EE440/0x6AAC98/0x6D8C38	reset/build/dtor@0x581F3C/0x581CC8/0x593C24 erase/clear/node/item@0x5AE7A8/0x593EFC/0x5AF220/0x5AF2D0 getter/list@0x595EF4/0x596CD4 prepared/render@0x58B178/0x58C7C4 source/clear@0x570500/0x57B018 unload@0x57B6F8/0x57B32C/0x59A62C ObjSource@0x5A1EE8 D3D@0x5AC518/0x57CF74/0x59A8CE/0x59A8EC	reset/build/dtor@0x100109ACC/0x1001097C8/0x10011F2A0 erase/clear/node/deque@0x10011DDB8/0x10012A38C/0x10012A48C/0x10012A344 getter/list@0x100121D64/0x100122DC0 prepared/render@0x1001148F8/0x1001167BC source/clear@0x1000F316C/0x100100F10 unload@0x100101A28/0x1001012CC/0x10013A138 ObjSource@0x100132A60 D3D@0x10014019C/0x100103D58/0x1001285E4	reset/build/dtor@0x107358/0x107060/0x11DCC4 erase/clear/node/deque@0x11C6B4/0x129004/0x1290A6/0x128FDC getter/list@0x120B2C/0x121E18 prepared/render@0x1123D8/0x114118 source/clear@0xEF97C/0xFE0D4 unload@0xFEC04/0xFE3FE/0x13A246 ObjSource@0x131AF8 D3D@0x1414C0/0x101138/0x127928	IMPLEMENTED	cpp/plugins/motionplayer/PlayerMotionLoad.cpp:84; cpp/plugins/motionplayer/PlayerMotionLoad.cpp:165; cpp/plugins/motionplayer/PlayerCore.cpp:173; cpp/plugins/motionplayer/RuntimeSupport.cpp:30; cpp/plugins/motionplayer/RuntimeSupport.cpp:424; cpp/plugins/motionplayer/MotionNode.h:263; cpp/plugins/motionplayer/MotionNode.h:293; cpp/plugins/motionplayer/RuntimeSupport.h:119; cpp/plugins/motionplayer/RuntimeSupport.h:159; cpp/plugins/motionplayer/PlayerLayerQuery.cpp:716; cpp/plugins/motionplayer/PlayerLayerQuery.cpp:724; cpp/plugins/motionplayer/SourceCache.h:241; cpp/plugins/motionplayer/PlayerRenderItems.cpp:442; cpp/plugins/motionplayer/PlayerRenderItems.cpp:779; cpp/plugins/motionplayer/PlayerRenderExecute.cpp:396; cpp/plugins/motionplayer/PlayerResource.cpp:665; cpp/plugins/motionplayer/SourceCache.cpp:581; cpp/plugins/motionplayer/SourceCache.cpp:716; cpp/plugins/motionplayer/ResourceManager.cpp:393; cpp/plugins/motionplayer/ResourceManager.cpp:539; cpp/plugins/motionplayer/D3DAdaptor.cpp:70; tests/unit-tests/plugins/motionplayer-dll.cpp:14108; tests/unit-tests/plugins/motionplayer-dll.cpp:14232; tests/unit-tests/plugins/motionplayer-dll.cpp:14412; tests/unit-tests/plugins/motionplayer-dll.cpp:16071; tests/unit-tests/plugins/motionplayer-dll.cpp:16153; tests/unit-tests/plugins/motionplayer-dll.cpp:27307	analysis/motionplayer_reload_clear_unload_live_node_render_source_boundary_four_binary_2026-08-28.md	fresh four 80 independent ranges 20424 complete untruncated instructions and 197 xrefs_to; exact owning raw source versus borrowed atlas texture node/item/getter pointer invalidation SourceCache Layer Invalidate module and software-map clear reentry partial commit audit; production matched; added suffix-erase owner/facade test; 80 comments 4 bookmarks four IDBs saved	No MP-D12 task-local static gap; formal native unit Web Debug and runtime reentry/differential verification remains MP-V work
MP-D05-PSB-MTN-DECRYPT-RAW-NODE-BUFFER-LIFETIME	PSBFile string/octet and MTN storage input optional MDF decode Adopt owner publication process-global seed/callable decrypt filter Refresh signed-offset validation raw-node and dispatch interior borrows intrusive owner cache unload ObjSource texture-first teardown exception leak allocator mismatch self-assignment alias and data-race boundaries	motionplayer.dll + PSBFile.dll raw layer	load@0x598648 storage@0x598918 adopt@0x598AE8 refresh/ctor/dtor@0x598D40/0x598E8C/0x598F1C getRoot@0x598E1C dispatch@0x597EB4/0x597E20 strict@0x599038 ObjSource@0x6E145C filters@0x6837AC/0x6838A0/0x6A5BB0 ResourceManager@0x6A616C/0x6A697C	load@0x4DCEB8 storage/MDF/adopt/refresh@0x4DD0A0/0x4DD17C/0x4DD200/0x4DD2A0 ctor/dtor/release@0x4DD36E/0x4DD38C/0x4DE564 getRoot@0x4DD33A dispatch@0x4DCB50/0x4DCB0C strict@0x4DD49C ObjSource@0x5A1EE8 filters@0x56522E/0x5652C0/0x57B174 ResourceManager@0x57B338/0x57B6F8	load@0x1000ED1B4 storage/MDF/adopt/filter-call/refresh@0x1000ED468/0x1000ED5B4/0x1000ED654/0x1000ED788/0x1000ED7E8 dtor/release/getRoot@0x1000ED920/0x1000EEEFC/0x1000ED8C8 dispatch@0x1000EC248/0x1000ECD00 strict@0x1000EDA48 ObjSource@0x100132A60 filters@0x1001B92E8/0x1001B94A8/0x1001010C4 ResourceManager@0x1001012D8/0x100101A28	load@0xE955C storage/MDF/adopt/filter-call/refresh@0xE9874/0xE99D0/0xE9A28/0xE9AEC/0xE9B36 dtor/release/getRoot@0xE9C00/0xEB014/0xE9BD0 dispatch@0xE8874/0xE9164 strict@0xE9D10 ObjSource@0x131AF8 filters@0x1B8992/0x1B8AB0/0xFE1F0 ResourceManager@0xFE40C/0xFEC04	IMPLEMENTED	cpp/plugins/psbfile/PSBRawFile.h:34; cpp/plugins/psbfile/PSBRawFile.cpp:21; cpp/plugins/psbfile/PSBRawFile.cpp:138; cpp/plugins/psbfile/PSBRawFile.cpp:171; cpp/plugins/psbfile/PSBRawFile.cpp:176; cpp/plugins/psbfile/PSBRawFile.cpp:229; cpp/plugins/psbfile/PSBRawFile.cpp:444; cpp/plugins/psbfile/PSBRawFile.cpp:484; cpp/plugins/psbfile/PSBRawFile.cpp:517; cpp/plugins/psbfile/PSBFile.cpp:21; cpp/plugins/psbfile/PSBFile.cpp:103; cpp/plugins/motionplayer/ResourceManager.cpp:125; cpp/plugins/motionplayer/ResourceManager.cpp:134; cpp/plugins/motionplayer/ResourceManager.cpp:191; cpp/plugins/motionplayer/ResourceManager.cpp:310; cpp/plugins/motionplayer/ResourceManager.cpp:393; cpp/plugins/motionplayer/SourceCache.h:125; cpp/plugins/motionplayer/SourceCache.cpp:307; tests/unit-tests/plugins/motionplayer-dll.cpp:6557; tests/unit-tests/plugins/motionplayer-dll.cpp:6575; tests/unit-tests/plugins/motionplayer-dll.cpp:27307	analysis/motionplayer_psb_mtn_decrypt_raw_node_buffer_lifetime_four_binary_2026-08-28.md	fresh four 70 independent ranges 4686 complete untruncated instructions and 1019 xrefs_to; exact string/octet storage MDF owner publication decrypt Refresh raw borrow facade cache unload teardown leak allocator alias and concurrency audit; production semantics matched; corrected constructor evidence comment; 34 helper renames 70 comments 4 bookmarks four IDBs saved	No MP-D05 task-local static gap; formal native unit Web Debug and real PSB/MDF differential execution remains MP-V work
MP-R15-WIND-MT19937-WIDTH-STOP-RUNTIME	Wind raw owner fixed 128-slot emitter shared unsynchronized clock-seeded MT19937 regeneration temper canonical Blink-Wind sequence signed amplitude endpoint normalization genuine pointer-width stop predicates restart reuse replacement failure progress gate strict spawn kill first-hit lookup direct-D3D stop and teardown	motionplayer.dll + emoteplayer.dll + DrawDeviceD3D facade	seed/RNG@0xA2A308/0x9F0308/0x9F00D0 consumers@0x65FD48/0x660FBC wind@0x66DD8C/0x66DEDC/0x665BC8 lookup-inline@0x665D84 borrow/progress@0x6790C8/0x67A3F8 stop@0x67EE18/0x530A60/0x530A6C dtor@0x67C898	seed/RNG@0x770E54/0x7508D4/0x750578/0x750838 consumers@0x551B34/0x552472 wind@0x559900/0x554E4C lookup@0x554FA0 borrow/progress@0x55F2F4/0x55FEF0 stop@0x561D90/0x494D94/0x494D9C dtor@0x5610E8	seed/RNG@0x1002964AC/0x1002C24B0/0x1002C223C/0x1002C23E0 consumers@0x1001A1C8C/0x1001A27A0 wind@0x1001AC718/0x1001A5A24 lookup@0x1001A5B78 borrow/progress@0x1001B2F2C/0x1001B4304 stop@0x1001B5CD8/0x1002331D4/0x1002331E0 dtor@0x1001B8B4C	seed/RNG@0x29AAAC/0x2C7878/0x2C7692/0x2C77DC consumers@0x1A0E50/0x1A19D8 wind@0x1ABF24/0x1A4FEC lookup@0x1A5160 borrow/progress@0x1B2ABC/0x1B3E10 stop@0x1B5944/0x231E38/0x231E40 dtor@0x1B814E	IMPLEMENTED	cpp/plugins/motionplayer/EmoteBlinkRng.h:26; cpp/plugins/motionplayer/EmoteBlinkRng.cpp:9; cpp/plugins/motionplayer/EmoteBlinkRng.cpp:31; cpp/plugins/motionplayer/EmoteBlinkRng.cpp:62; cpp/plugins/motionplayer/EmoteBlinkRng.cpp:92; cpp/plugins/motionplayer/EmoteBlinkRng.cpp:101; cpp/plugins/motionplayer/EmoteWindEmitter.h:35; cpp/plugins/motionplayer/EmoteWindEmitter.cpp:10; cpp/plugins/motionplayer/EmoteWindEmitter.cpp:27; cpp/plugins/motionplayer/PlayerCore.cpp:858; cpp/plugins/motionplayer/EmoteSpring.cpp:103; cpp/plugins/motionplayer/EmoteEngine.cpp:1695; cpp/plugins/motionplayer/EmoteEngine.cpp:3908; cpp/plugins/motionplayer/EmotePlayer.cpp:376; cpp/plugins/motionplayer/EmotePlayer.cpp:530; tests/unit-tests/plugins/motionplayer-dll.cpp:11475; tests/unit-tests/plugins/motionplayer-dll.cpp:11506; tests/unit-tests/plugins/motionplayer-dll.cpp:11565; tests/unit-tests/plugins/motionplayer-dll.cpp:11618; tests/unit-tests/plugins/motionplayer-dll.cpp:11771; tests/unit-tests/plugins/motionplayer-dll.cpp:11795; tests/unit-tests/plugins/motionplayer-dll.cpp:28984	analysis/motionplayer_wind_mt19937_width_stop_runtime_four_binary_2026-08-28.md	fresh four 60 distinct code ranges 7022 complete untruncated instructions and 397 xrefs_to; exact generic seed raw global MT regeneration canonical shared-consumer order fixed emitter pointer-width stop reuse replacement progress lookup and teardown audit; production matched; added same-endpoint live-slot reuse and stop-cache-retention assertions; 14 helper renames 60 comments 4 bookmarks four IDBs saved	No MP-R15 task-local static gap; formal native unit Web runtime and motion-trace differential verification remains MP-V work
MP-R14-SPRING-SCALE-OUTER-FORCE-RUNTIME	Simple and two-segment chain spring constructors fixed state solvers post-bend metadata builders wrappers exact bust hair parts force-scale mapping direct and D3D scale surfaces outer-force API queue reset animating exclusion persistence and physics-tail timing	motionplayer.dll + emoteplayer.dll + DrawDeviceD3D facade	spring@0x65F828/0x65FB48 chain@0x6662D8/0x665D84 builders@0x6683F8/0x668DB0 wrappers@0x678B28/0x6790C8 progress@0x67A3F8+tailgate@0x530E3C outer@0x670138/0x66FE58/0x530E6C state@0x66BF6C/0x675208/0x67872C scales@0x67F300..0x67F328/0x5304D0..0x530520	spring@0x55176C/0x551910 chain@0x5554F0/0x555010/0x555408 builders@0x55659C/0x556B84 wrappers@0x55EE98/0x55F2F4 progress@0x55FEF0+gate@0x49501E outer@0x55A928/0x55A828/0x495048 state@0x558888/0x55CDF0/0x55EC4C scales@0x5620AC..0x5620DE/0x494A6E..0x494AB4	spring@0x1001A18C4/0x1001A1A8C chain@0x1001A6104/0x1001A5BDC/0x1001A6030 builders@0x1001A7DDC/0x1001A87C0 wrappers@0x1001B29D0/0x1001B2F2C progress@0x1001B4304+gate@0x100233470 outer@0x1001ADC9C/0x1001ADB98/0x1002334BC state@0x1001AB03C/0x1001B0F98/0x1001B26CC scales@0x1001B619C..0x1001B61C4/0x100232EA8..0x100232EF8	spring@0x1A099C/0x1A0BE0 chain@0x1A5710/0x1A51CC/0x1A5634 builders@0x1A730C/0x1A7DCC wrappers@0x1B24D8/0x1B2ABC progress@0x1B3E10+gate@0x2321AE outer@0x1AD37C/0x1AD218/0x2321F8 state@0x1AA714/0x1B0980/0x1B21DC scales@0x1B5F84..0x1B5FB6/0x231AFA..0x231B40	IMPLEMENTED	cpp/plugins/motionplayer/EmoteSpring.h:42; cpp/plugins/motionplayer/EmoteSpring.cpp:22; cpp/plugins/motionplayer/EmoteSpring.cpp:118; cpp/plugins/motionplayer/EmoteSpring.cpp:270; cpp/plugins/motionplayer/EmoteSpring.cpp:326; cpp/plugins/motionplayer/EmoteEngine.h:801; cpp/plugins/motionplayer/EmoteEngine.h:873; cpp/plugins/motionplayer/EmoteEngine.cpp:1238; cpp/plugins/motionplayer/EmoteEngine.cpp:1317; cpp/plugins/motionplayer/EmoteEngine.cpp:1626; cpp/plugins/motionplayer/EmoteEngine.cpp:1695; cpp/plugins/motionplayer/EmoteEngine.cpp:2328; cpp/plugins/motionplayer/EmoteEngine.cpp:2420; cpp/plugins/motionplayer/EmoteEngine.cpp:3429; cpp/plugins/motionplayer/EmoteEngine.cpp:3754; cpp/plugins/motionplayer/EmoteEngine.cpp:3817; cpp/plugins/motionplayer/EmotePlayer.h:224; cpp/plugins/motionplayer/EmotePlayer.h:341; cpp/plugins/motionplayer/EmotePlayer.cpp:481; cpp/plugins/motionplayer/EmotePlayer.cpp:712; tests/unit-tests/plugins/motionplayer-dll.cpp:11294; tests/unit-tests/plugins/motionplayer-dll.cpp:11636; tests/unit-tests/plugins/motionplayer-dll.cpp:12038; tests/unit-tests/plugins/motionplayer-dll.cpp:12725; tests/unit-tests/plugins/motionplayer-dll.cpp:14245; tests/unit-tests/plugins/motionplayer-dll.cpp:28920; tests/unit-tests/plugins/motionplayer-dll.cpp:28730	analysis/motionplayer_spring_scale_outer_force_runtime_four_binary_2026-08-27.md	fresh four 123 distinct code ranges 14378 complete untruncated instructions and 148 xrefs_to; exact fixed constructors solvers post-bend builders force-scale mapping progress tail reset public-state API and persistence partial-commit audit; production matched; added outer-force three-child schema queue scale animating and reset regression; 32 D3D helper renames 123 comments 4 bookmarks four IDBs saved	No MP-R14 task-local static gap; formal native unit Web runtime motion-trace differential verification remains MP-V work
MP-R13-SELECTOR-TRANSITION-BORROW-INDEX-PERSISTENCE	Selector and Transition ownership borrowed first-match references saturating float-to-index conversion command apply step reset selector sync dormant targets and exact serialize restore partial-commit state boundaries	motionplayer.dll + emoteplayer.dll	builders@0x66A8A4/0x66ACDC selector@0x66B778/0x665490/0x6655C4/0x665774/0x665850 sync-targets@0x66E0FC/0x67F7DC/0x672BFC/0x672FD4 persistence@0x674A9C/0x674CD0/0x677400/0x677C48	builders@0x557B84/0x557E04 selector@0x5583B6/0x5549B8/0x554AB8/0x554B68/0x554BC4 sync-targets@0x559A8C/0x562378/0x55B908/0x55BAD4 persistence@0x55C9A4/0x55CAD0/0x55E13C/0x55E578	builders@0x1001A9C9C/0x1001AA030 selector@0x1001B7DFC/0x1001A5514/0x1001A5640/0x1001A56D4/0x1001A5790 sync-targets@0x1001AC8A4/0x1001B64D0/0x1001AF2F0/0x1001AF628 persistence@0x1001B09A0/0x1001B0B6C/0x1001B1F2C/0x1001B2218	builders@0x1A9314/0x1A96D8 selector@0x1B75EC/0x1A4B04/0x1A4C10/0x1A4C7E/0x1A4CF6 sync-targets@0x1AC0D0/0x1B6394/0x1AEBE4/0x1AEE48 persistence@0x1B0294/0x1B04A0/0x1B19F0/0x1B1CD4	IMPLEMENTED	cpp/plugins/motionplayer/EmoteSelectorController.h:16; cpp/plugins/motionplayer/EmoteSelectorController.cpp:15; cpp/plugins/motionplayer/EmoteSelectorController.cpp:32; cpp/plugins/motionplayer/EmoteSelectorController.cpp:67; cpp/plugins/motionplayer/EmoteSelectorController.cpp:101; cpp/plugins/motionplayer/EmoteSelectorController.cpp:127; cpp/plugins/motionplayer/EmoteEngine.h:351; cpp/plugins/motionplayer/EmoteEngine.h:373; cpp/plugins/motionplayer/EmoteEngine.cpp:1104; cpp/plugins/motionplayer/EmoteEngine.cpp:1145; cpp/plugins/motionplayer/EmoteEngine.cpp:1159; cpp/plugins/motionplayer/EmoteEngine.cpp:1192; cpp/plugins/motionplayer/EmoteEngine.cpp:1903; cpp/plugins/motionplayer/EmoteEngine.cpp:2000; cpp/plugins/motionplayer/EmoteEngine.cpp:3371; cpp/plugins/motionplayer/EmoteEngine.cpp:3391; cpp/plugins/motionplayer/EmoteEngine.cpp:3662; cpp/plugins/motionplayer/EmoteEngine.cpp:3693; tests/unit-tests/plugins/motionplayer-dll.cpp:28465; tests/unit-tests/plugins/motionplayer-dll.cpp:28523; tests/unit-tests/plugins/motionplayer-dll.cpp:28589; tests/unit-tests/plugins/motionplayer-dll.cpp:28645	analysis/motionplayer_selector_transition_borrow_index_persistence_four_binary_2026-08-27.md	fresh four 60 function ranges 9060 complete untruncated instructions and 154 xrefs; exact owner borrow first-match index conversion apply queue reset sync dormant-target and persistence partial-commit audit; production matched; added Transition full-schema queue-gate-preservation and partial-field restore test; 60 comments 4 bookmarks four IDBs saved	No MP-R13 task-local static gap; formal native unit Web runtime differential verification remains MP-V work
MP-R12-BLINK-EYEBROW-MOUTH-TRACK-RNG-OVERSHOOT	Blink Eye Eyebrow and Mouth distinct controller layouts primary secondary track state progression mesh resolver target replace append reset blink phases shared MT19937 canonical draw unordered overshoot and large-dt behavior	motionplayer.dll + emoteplayer.dll	ctors@0x65FD48/0x661BEC/0x663078 steps@0x660FBC/0x6629E0/0x663448 targets@0x660C90/0x6626B4/0x663214 RNG@0x9F0308/0x9F00D0 reset@0x66BF6C	ctors@0x551B34/0x552CDC/0x55369C steps@0x552472/0x553280/0x553838 targets@0x5522FC/0x553170/0x553788 RNG@0x7508D4/0x750838 reset@0x558888	ctors@0x1001A1C8C/0x1001A31F4/0x1001A3DE4 steps@0x1001A27A0/0x1001A38C8/0x1001A3FC8 targets@0x1001A2568/0x1001A3764/0x1001A3EE0 RNG@0x1002C24B0/0x1002C23E0 reset@0x1001AB03C	ctors@0x1A0E50/0x1A2560/0x1A3200 steps@0x1A19D8/0x1A2C56/0x1A3402 targets@0x1A1850/0x1A2B6C/0x1A3358 RNG@0x2C7878/0x2C77DC reset@0x1AA714	IMPLEMENTED	cpp/plugins/motionplayer/EmoteBlinkController.h:37; cpp/plugins/motionplayer/EmoteBlinkController.cpp:48; cpp/plugins/motionplayer/EmoteBlinkController.cpp:125; cpp/plugins/motionplayer/EmoteBlinkController.cpp:151; cpp/plugins/motionplayer/EmoteBlinkController.cpp:311; cpp/plugins/motionplayer/EmoteEyebrowController.h:46; cpp/plugins/motionplayer/EmoteEyebrowController.cpp:43; cpp/plugins/motionplayer/EmoteEyebrowController.cpp:98; cpp/plugins/motionplayer/EmoteEyebrowController.cpp:124; cpp/plugins/motionplayer/EmoteEyebrowController.cpp:202; cpp/plugins/motionplayer/EmoteMouthController.h:16; cpp/plugins/motionplayer/EmoteMouthController.cpp:10; cpp/plugins/motionplayer/EmoteMouthController.cpp:18; cpp/plugins/motionplayer/EmoteMouthController.cpp:45; cpp/plugins/motionplayer/EmoteBlinkRng.cpp:31; cpp/plugins/motionplayer/EmoteBlinkRng.cpp:62; cpp/plugins/motionplayer/EmoteBlinkRng.cpp:92; cpp/plugins/motionplayer/EmoteBlinkRng.cpp:101; cpp/plugins/motionplayer/EmoteMeshResolver.cpp:300; tests/unit-tests/plugins/motionplayer-dll.cpp:11760; tests/unit-tests/plugins/motionplayer-dll.cpp:28050; tests/unit-tests/plugins/motionplayer-dll.cpp:28200; tests/unit-tests/plugins/motionplayer-dll.cpp:28390	analysis/motionplayer_blink_eyebrow_mouth_track_rng_overshoot_four_binary_2026-08-27.md	fresh four 48 function ranges 7109 complete untruncated instructions and 99 xrefs; exact constructors target tracks distinct stage machines blink phases condition-code overshoot shared raw MT lifecycle and reset audit; production matched; added Mouth large-dt current-only completion and next-key deferral test; 20 helper renames 48 comments 4 bookmarks four IDBs saved	No MP-R12 task-local static gap; formal unit Web runtime differential verification remains MP-V work
MP-R11-ANGLE-VAR-LOOP-CONTROLLER-RUNTIME	EmoteVarController EmoteAngleController and EmoteLoopController construction raw owners target queue step reset completion progress-chain public-animating denominator and malformed floating-point boundaries	motionplayer.dll + emoteplayer.dll	Var@0x664410/0x663FD8/0x6646E0 Angle@0x663A14/0x663870 Loop-inline@0x67A3F8 reset@0x66BF6C animating@0x671378 builder@0x66B860	Var@0x554180/0x554014/0x5542B0 Angle@0x553B98/0x553AD4 Loop@0x554D48 reset@0x558888 animating@0x55B18C builder@0x558440	Var@0x1001A4AD0/0x1001A48C0/0x1001A4C44 Angle@0x1001A43C0/0x1001A4308 Loop@0x1001A5984 reset@0x1001AB03C animating@0x1001AE5D8 builder@0x1001AAA8C	Var@0x1A3FEC/0x1A3E48/0x1A418C Angle@0x1A3838/0x1A3798 Loop@0x1A4F38 reset@0x1AA714 animating@0x1ADE54 builder@0x1AA158	IMPLEMENTED	cpp/plugins/motionplayer/EmoteVarController.h:54; cpp/plugins/motionplayer/EmoteVarController.cpp:14; cpp/plugins/motionplayer/EmoteVarController.cpp:29; cpp/plugins/motionplayer/EmoteVarController.cpp:72; cpp/plugins/motionplayer/EmoteVarController.cpp:95; cpp/plugins/motionplayer/EmoteAngleController.h:32; cpp/plugins/motionplayer/EmoteAngleController.cpp:41; cpp/plugins/motionplayer/EmoteAngleController.cpp:82; cpp/plugins/motionplayer/EmoteLoopController.cpp:7; cpp/plugins/motionplayer/EmoteEngine.cpp:1250; cpp/plugins/motionplayer/EmoteEngine.cpp:1339; cpp/plugins/motionplayer/EmoteEngine.cpp:1523; cpp/plugins/motionplayer/EmoteEngine.cpp:2038; tests/unit-tests/plugins/motionplayer-dll.cpp:27763; tests/unit-tests/plugins/motionplayer-dll.cpp:27953; tests/unit-tests/plugins/motionplayer-dll.cpp:30424	analysis/motionplayer_angle_var_loop_controller_runtime_four_binary_2026-08-27.md	fresh four 36 function ranges 6103 complete untruncated instructions and 204 xrefs; exact ctor raw owner target step reset progress and animating audit; production matched; added loop-animating exclusion and reset queued-tail/loop-omission tests; 14 helper renames 36 comments 4 bookmarks four IDBs saved	No MP-R11 task-local static gap; formal unit Web runtime differential verification remains MP-V work
MP-C16-STL-CONTAINER-SOURCE-ATTRIBUTION	Android old-libstdc++ versus iOS libc++ vector deque list ordered-tree unordered-map set string header node block bucket rehash growth clear destruction exception lowering attributed back to common portable source container choices and the sole true KRKR atlas STL-family record-order split	motionplayer.dll + emoteplayer.dll + DrawDeviceD3D.dll + TJS runtime	Player-ctor@0x6CC110 Engine-ctor@0x67B76C Resource-ctor@0x6A5CAC SLA-ctor@0x6C3DB4 manager-vector@0xA72C14 TJS-deque@0x6DFC90 unordered@0x685060 list@0x6E8040	Player-ctor@0x5935C4 Engine-ctor@0x560948 Resource-ctor@0x57B1EC SLA-ctor@0x58DBDC manager-vector@0x7970B0 TJS-deque@0x5A099C unordered@0x5669AC list@0x5A67DE	Player-ctor@0x10011EC04 Engine-ctor@0x1001B7FB0 Resource-ctor@0x100101158 SLA-ctor@0x1001298C4 manager-vector@0x1002DC360 TJS-deque@0x1000FAED8 unordered@0x1001A6938 list@0x100100E54	Player-ctor@0x11D488 Engine-ctor@0x1B7788 Resource-ctor@0xFE254 SLA-ctor@0x128890 manager-vector@0x2DBD28 TJS-deque@0xF7F90 unordered@0x1A6074 list@0xFDFB0	IMPLEMENTED	cpp/plugins/motionplayer/internal/player_containers.h:29; cpp/plugins/motionplayer/Player.h:1356; cpp/plugins/motionplayer/EmoteEngine.h:115; cpp/plugins/motionplayer/EmoteEngine.h:725; cpp/plugins/motionplayer/ResourceManager.h:63; cpp/plugins/motionplayer/ResourceManager.h:133; cpp/plugins/motionplayer/SourceCache.h:100; cpp/plugins/motionplayer/SeparateLayerAdaptor.h:39; cpp/plugins/motionplayer/D3DAdaptor.h:129; cpp/core/visual/impl/DrawDevice.h:530; cpp/plugins/motionplayer/RuntimeSupport.cpp:449; cpp/plugins/motionplayer/PlayerResource.cpp:201; cpp/plugins/motionplayer/internal/ttstr_hash.h:27	analysis/motionplayer_stl_container_source_attribution_four_binary_2026-08-27.md	fresh four 32 attribution function ranges 5004 complete untruncated instructions and 240 xrefs layered over direct container reports; exact vector deque list tree unordered string fixed and raw-array inference plus ABI policy EH object-size and atlas family-condition classification; local matched without semantic edit; 32 comments 4 bookmarks and four IDBs saved	No MP-C16 task-local static gap; formal native Web unit runtime differential verification remains independent MP-V work
MP-C15-ALL-CONTAINER-BOUNDARY-AUDIT	All motionplayer persistent nested transient TJS and global container roles with empty duplicate erase clear iterator pointer reference invalidation allocation failure owner cleanup callback reentry and partial-commit boundaries	motionplayer.dll + emoteplayer.dll + DrawDeviceD3D.dll + TJS runtime	deque@0x6B1E4C multimap@0x6C1A48 events@0x6C1870 selector@0x66ACDC timeline@0x679680 set@0x6A8B30 list@0x6A3EE0 SLA-tree@0x6C46C4 listeners@0x5311C8 TJS-deque@0x6DFC90 batch@0x6AB39C global-map@0x69DE30	deque@0x5818B0 multimap@0x58C4D8 events@0x58C3A8 selector@0x557E04 timeline@0x55F6E4 set@0x57C2C8 list@0x57A106 SLA-tree@0x58E174 listeners@0x4952AC TJS-deque@0x5A099C batch@0x57D3DC global-map@0x576C7C	deque@0x100109328 multimap@0x100116410 events@0x10011622C selector@0x1001AA030 timeline@0x1001B341C set@0x100102DB8 list@0x1000FFA1C SLA-tree@0x10011844C listeners@0x100233720 TJS-deque@0x1000FAED8 batch@0x100104450 global-map@0x1000FB4A8	deque@0x106BDC multimap@0x113D54 events@0x113B64 selector@0x1A96D8 timeline@0x1B2F70 set@0x10028A list@0xFCCD2 SLA-tree@0x116280 listeners@0x23259A TJS-deque@0xF7F90 batch@0x101850 global-map@0xF854C	IMPLEMENTED	cpp/plugins/motionplayer/NodeTree.cpp:245; cpp/plugins/motionplayer/PlayerVariable.cpp:176; cpp/plugins/motionplayer/PlayerVariable.cpp:208; cpp/plugins/motionplayer/PlayerFrameProgress.cpp:620; cpp/plugins/motionplayer/PlayerFrameProgress.cpp:1240; cpp/plugins/motionplayer/EmoteEngine.cpp:2955; cpp/plugins/motionplayer/ResourceManager.cpp:513; cpp/plugins/motionplayer/SourceCache.cpp:543; cpp/plugins/motionplayer/SourceCache.cpp:716; cpp/plugins/motionplayer/SourceCache.cpp:815; cpp/plugins/motionplayer/SeparateLayerAdaptor.cpp:168; cpp/plugins/motionplayer/D3DAdaptor.cpp:199; cpp/plugins/motionplayer/RuntimeSupport.cpp:449; cpp/plugins/motionplayer/MotionRenderBackend.cpp:194; cpp/plugins/motionplayer/MotionRenderBackend.cpp:684; cpp/plugins/motionplayer/internal/ttstr_hash.h:27; analysis/motionplayer_coverage.tsv	analysis/motionplayer_all_container_boundary_audit_four_binary_2026-08-27.md	fresh four 48 checkpoint function ranges 9183 complete untruncated instructions and 284 xrefs layered over direct MP-C01 through MP-C14 slices; exact role denominator empty duplicate erase invalidation allocation owner reentry and partial publication matrix; local matched without semantic edit; 48 task comments 4 bookmarks and four IDBs saved	No MP-C15 task-local static gap; target STL implementation classification remains MP-C16 and formal unit Web runtime differential verification remains MP-V work
MP-C14-TTSTR-HASH-EQUALITY-KEY-BOUNDARIES	motionplayer ttstr exact UTF-16 hash shared mutable Hint backing-aware equality null and allocated-empty separation ordered null-first comparator unique duplicate first-key retention multimap duplicate retention allocation publication and STL boundary behavior	motionplayer.dll + emoteplayer.dll + TJS string runtime	state-subscript/find@0x685060/0x534364 loaded-find@0x6E8CD4 ordered-op/corecmp@0x6B2498/0x9B07D0	state-subscript/hash/find/equal@0x5669AC/0x497AFA/0x497B46/0x497BA0 loaded-find@0x5A72CE ordered-op/lower/less/corecmp@0x581C54/0x5ACFA4/0x4A98C4/0x72A318	state-subscript/hash/equal@0x1001A6938/0x100039AEC/0x10002E518 loaded-find@0x100139AA8 ordered-op/lower/less/corecmp@0x100141740/0x1001417E0/0x100049AB4/0x10036446C	state-subscript/hash/equal@0x1A6074/0x3798C/0x675B8 loaded-find@0x139CEC ordered-op/lower/less/corecmp@0x142844/0x1428B2/0x480F4/0x3671EC	IMPLEMENTED	cpp/plugins/motionplayer/internal/ttstr_hash.h:27; cpp/plugins/motionplayer/internal/ttstr_hash.h:48; cpp/plugins/motionplayer/internal/ttstr_hash.h:72; cpp/plugins/motionplayer/internal/ttstr_hash.h:91; cpp/plugins/motionplayer/internal/player_containers.h:29; cpp/plugins/motionplayer/internal/player_containers.h:68; cpp/plugins/motionplayer/EmoteEngine.h:115; cpp/plugins/motionplayer/EmoteEngine.h:206; cpp/plugins/motionplayer/ResourceManager.h:63; cpp/plugins/motionplayer/ResourceManager.h:133; cpp/core/tjs2/tjsString.h:167; cpp/core/tjs2/tjsString.h:382; cpp/core/tjs2/tjsString.h:390; cpp/core/tjs2/tjsVariantString.cpp:546; cpp/core/tjs2/tjsVariantString.cpp:594; tests/unit-tests/plugins/motionplayer-dll.cpp:19876; tests/unit-tests/plugins/motionplayer-dll.cpp:19919	analysis/motionplayer_ttstr_hash_equality_key_boundaries_four_binary_2026-08-27.md	fresh four 30 distinct ranges 1512 complete untruncated instructions and 2252 xrefs; exact two-layer 32-bit hash Hint trust/publication backing equality ordered comparator duplicate owner and allocation boundaries; production already matched; added focused unordered regression test; 18 helper renames 19 comments 4 bookmarks and four IDBs saved	No MP-C14 task-local static gap; UTF-16 truncation total audit remains independent MP-B05, STL-wide classification remains MP-C16, and formal unit Web runtime verification remains MP-V work
MP-L15-GLOBAL-STATIC-CACHE-RNG-GUARD-LIFECYCLE	Process-lifetime blink wind MT19937 guarded and manual render-method caches default and private renderer decisions shared D3DAdaptor software texture map cubic basis and geometry globals decrypt filter TJS hints registrar ClassInfo and first-initialization concurrency failure teardown behavior	motionplayer.dll + emoteplayer.dll + DrawDeviceD3D.dll + plugin loader dependency	RNG@0x9F0308/0x9F00D0 consumers@0x660FBC/0x665BC8 manager@0x6930E4 selectors@0x6D9470/0x6D9898 clear@0x6AB08C SLA/GLL/draw@0x6D2A38/0x6D2D28/0x6D3398 basis/init@0x69DE30/0x42F1F8 software/mask/emote@0x848BDC/0x6AC4E4/0x42EEE0	RNG@0x7508D4/0x750838 consumers@0x552472/0x554E4C manager@0x570EA0 selectors@0x59AE64/0x59B1FC clear@0x57D184 SLA/GLL/draw@0x597328/0x5974D0/0x597864 basis/init@0x576C7C/0x3016E8 software/mask/emote@0x65728C/0x57E1E8/0x3013BC	RNG@0x1002C24B0/0x1002C23E0 consumers@0x1001A27A0/0x1001A5A24 manager@0x1000F3D90 selectors@0x100128D00/0x100129134 clear@0x100104130 SLA/GLL/draw@0x1001233C8/0x100123670/0x100123C84 basis/init@0x1000FB4A8/0x10014FC74 software/mask/emote@0x100323EB8/0x100104E68/0x1001CAE20	RNG@0x2C7878/0x2C77DC consumers@0x1A19D8/0x1A4FEC manager@0xF0834 selectors@0x127F38/0x12827C clear@0x10149C SLA/GLL/draw@0x12257C/0x122884/0x122F28 basis/init@0xF854C/0x151C98 software/mask/emote@0x32930C/0x10243C/0x1C8EB2	IMPLEMENTED	cpp/plugins/motionplayer/EmoteBlinkRng.cpp:9; cpp/plugins/motionplayer/EmoteBlinkController.cpp:82; cpp/plugins/motionplayer/EmoteWindEmitter.cpp:27; cpp/plugins/motionplayer/MotionRenderBackend.cpp:21; cpp/plugins/motionplayer/MotionRenderBackend.cpp:194; cpp/plugins/motionplayer/MotionRenderBackend.cpp:272; cpp/plugins/motionplayer/D3DAdaptor.cpp:139; cpp/plugins/motionplayer/D3DAdaptor.cpp:199; cpp/plugins/motionplayer/PlayerRenderInternal.cpp:37; cpp/plugins/motionplayer/PlayerRenderInternal.cpp:779; cpp/plugins/motionplayer/PlayerRenderInternal.cpp:970; cpp/plugins/motionplayer/PlayerRenderTargets.cpp:246; cpp/plugins/motionplayer/PlayerRenderTargets.cpp:1137; cpp/plugins/motionplayer/PrivateMotionGLL.cpp:493; cpp/plugins/motionplayer/MotionLayerExtensions.cpp:664; cpp/plugins/motionplayer/main.cpp:24; cpp/plugins/motionplayer/ResourceManager.cpp:112; cpp/plugins/motionplayer/RuntimeSupport.cpp:37; cpp/core/plugin/ncbind.cpp:18; cpp/core/plugin/PluginImpl.cpp:38	analysis/motionplayer_global_static_cache_rng_guard_lifecycle_four_binary_2026-08-27.md; analysis/motionplayer_private_opengl_manager_d3d_render_envelope_four_binary_2026-08-27.md; analysis/motionplayer_d3dadaptor_lifecycle_clear_four_binary_2026-08-27.md; analysis/motionplayer_player_direct_sla_and_private_layer_four_binary_2026-08-27.md; analysis/motionplayer_private_gll_class_draw_gpu_four_binary_2026-08-27.md; analysis/motionplayer_d3d_deep_renderer_batch_stencil_four_binary_2026-08-27.md; analysis/motionplayer_motion_alpha_mask_d3d_available_four_binary_2026-08-27.md; analysis/motionplayer_bezier_basis_tessellation_four_binary_2026-08-27.md; analysis/motionplayer_module_loader_plugins_autoload_registered_set_four_binary_2026-08-27.md; analysis/motionplayer_emoteplayer_module_decrypt_root_four_binary_2026-08-27.md	fresh four 64 function instances and 13691 complete untruncated instructions plus full xrefs; exact guarded versus manual publication retry poisoning exit-dtor no-dtor data-race and shared texture-map lifecycle; local matched without semantic edit; RNG functions renamed and all roots commented/bookmarked/saved	No task-local static gap; controller numeric state machines global AddRef Release totals and formal builds remain independent MP-R11..R15 MP-L16 MP-V work
MP-L14-STATE-CLONE-SERIALIZE-RESTORE-PARTIAL-COMMIT	EmoteEngine fixed eight-group state snapshot and in-place restore schema temporary refcount owners pre-serialization live mutation clone raw-owner leaks D3D listener-shell publication assignState TODO and incomplete-state partial-commit boundaries	motionplayer.dll + emoteplayer.dll + DrawDeviceD3D.dll	state@0x673220/0x675424 groups@0x673BC4..0x67872C EmoteObject-clone@0x67CD58 D3D-clone/assign@0x53039C/0x530530	state@0x55BB70/0x55CF3C groups@0x55C0E4..0x55EC4C EmoteObject-clone@0x5611FC D3D-clone/assign@0x4949D4/0x494AC4	state@0x1001AF774/0x1001B1130 groups@0x1001AFE68..0x1001B26CC EmoteObject-clone@0x1001B50A4 D3D-clone/assign@0x100232DC8/0x100232F08	state@0x1AEF30/0x1B0B80 groups@0x1AF5BC..0x1B21DC EmoteObject-clone@0x1B4CFC D3D-clone/assign@0x2319DC/0x231B4E	IMPLEMENTED	cpp/plugins/motionplayer/EmoteEngine.cpp:354; cpp/plugins/motionplayer/EmoteEngine.cpp:385; cpp/plugins/motionplayer/EmoteEngine.cpp:499; cpp/plugins/motionplayer/EmoteEngine.cpp:3295; cpp/plugins/motionplayer/EmoteEngine.cpp:3448; cpp/plugins/motionplayer/EmoteEngine.cpp:3510; cpp/plugins/motionplayer/EmoteEngine.cpp:3782; cpp/plugins/motionplayer/EmotePlayer.cpp:120; cpp/plugins/motionplayer/EmotePlayer.cpp:239; cpp/plugins/motionplayer/EmotePlayer.cpp:257; tests/unit-tests/plugins/motionplayer-dll.cpp:27363; tests/unit-tests/plugins/motionplayer-dll.cpp:29803; tests/unit-tests/plugins/motionplayer-dll.cpp:29872; tests/unit-tests/plugins/motionplayer-dll.cpp:29893; tests/unit-tests/plugins/motionplayer-dll.cpp:29911; tests/unit-tests/plugins/motionplayer-dll.cpp:32537	analysis/motionplayer_state_clone_serialize_restore_partial_commit_four_binary_2026-08-27.md; analysis/motionplayer_emoteplayer_primary_flow_raw_setters_four_binary_2026-08-27.md; analysis/motionplayer_emoteobject_engine_player_owner_chain_four_binary_2026-08-27.md; analysis/motionplayer_d3demoteplayer_surface_factory_clone_todo_four_binary_2026-08-27.md	fresh four 20 core and 64 group-helper decompiles plus complete untruncated disassemblies and xrefs; exact schema owner live-write rollback-free restore clone leak TODO and malformed boundaries; local matched without semantic edit; 64 helper names 84 comments 20 bookmarks saved in four IDBs	No task-local static gap; formal native/Web build and runtime tests remain independent MP-V work
MP-F03-ROOT-REACHABLE-FUNCTION-LEDGER	Final complete root-reachable function equivalence denominator including 316 NCB candidates and non-NCB callbacks helpers function pointers vtables cold cleanups and static-lifetime roots	motionplayer.dll + emoteplayer.dll	aggregate closure over all address-bearing coverage slices and saved mp_android_arm64 IDB	aggregate closure over all address-bearing coverage slices and saved mp_android_armv7 IDB	aggregate closure over all address-bearing coverage slices and saved mp_ios_arm64 IDB	aggregate closure over all address-bearing coverage slices and saved mp_ios_armv7 IDB	IMPLEMENTED	analysis/motionplayer_coverage.tsv; analysis/motionplayer_ncb_equivalence.tsv; analysis/motionplayer_tasks_status.tsv; tools/motionsim/generate_ncb_equivalence_ledger.py; tools/motionsim/generate_tasks_status.py; tools/motionsim/generate_final_crosscutting_audits.py	analysis/motionplayer_ncb_equivalence_ledger_2026-08-27.md; analysis/motionplayer_v09_v15_crosscutting_final_audit_2026-08-28.md	316 NCB rows are reproducible and all 139 original MP-A/L/C/D/R/G/B tasks map through 306 associations to 159 unique terminal four-target slices	No static tasks.md function-denominator gap; only external differential verification remains under MP-V03 through MP-V05
MP-F04-OBJECT-VTABLE-CONTAINER-OWNER-LEDGER	Final object vtable internal container ownership partial-publication destruction and exception-unwind denominator across Player MotionNode PreparedRenderItem Emote resource D3D SLA and Private GLL families	motionplayer.dll + emoteplayer.dll	aggregate owner closure over Android arm64 ctor dtor container and EH slices	aggregate owner closure over Android armv7 ctor dtor container and EH slices	aggregate owner closure over iOS arm64 ctor dtor container and cold cleanup slices	aggregate owner closure over iOS armv7 ctor dtor container and SjLj cleanup slices	IMPLEMENTED	analysis/motionplayer_tasks_status.tsv; analysis/motionplayer_v09_v15_audit_summary.tsv; tools/motionsim/generate_final_crosscutting_audits.py; cpp/plugins/motionplayer; cpp/plugins/DrawDeviceD3D.cpp; tests/unit-tests/plugins/motionplayer-dll.cpp	analysis/motionplayer_v09_v15_crosscutting_final_audit_2026-08-28.md; analysis/motionplayer_player_native_ctor_dtor_owner_ledger_four_binary_2026-08-27.md; analysis/motionplayer_motionnode_prepared_item_deque_lifetime_four_binary_2026-08-27.md; analysis/motionplayer_private_gll_class_draw_gpu_four_binary_2026-08-27.md	All 16 MP-L and 16 MP-C tasks map to 50 unique terminal four-target object owner container and vtable slices	No static object-ledger gap; unavailable destruction/reentry fault-injection material remains explicit under MP-V02
MP-F05-REPORT-STATUS-RECONCILIATION	Final analysis-report index overlap supersession stale-gap and coverage-status reconciliation	motionplayer.dll + emoteplayer.dll	all Android arm64 evidence references resolve through address-bearing companion reports	all Android armv7 evidence references resolve through address-bearing companion reports	all iOS arm64 evidence references resolve through address-bearing companion reports	all iOS armv7 evidence references resolve through address-bearing companion reports	IMPLEMENTED	analysis/motionplayer_coverage.tsv; analysis/motionplayer_tasks_status.tsv; tools/motionsim/generate_tasks_status.py; tools/motionsim/generate_final_crosscutting_audits.py; plan.md	analysis/motionplayer_coverage_status_reconciliation_2026-08-27.md; analysis/motionplayer_v09_v15_crosscutting_final_audit_2026-08-28.md	All 163 original tickets are indexed; every static business task has direct coverage and report mappings while nonterminal verification tasks retain explicit gaps	No report-index gap; the old overbroad closure claim remains superseded by the current per-ticket ledger
MP-F06-LOCAL-IMPLEMENTATION-TEST-MAP	Final mapping from every semantic slice to local implementation analysis evidence and available unit differential syntax and static verification	motionplayer.dll + emoteplayer.dll	local implementation mapped to joint Android arm64 evidence	local implementation mapped to joint Android armv7 evidence	local implementation mapped to joint iOS arm64 evidence	local implementation mapped to joint iOS armv7 evidence	IMPLEMENTED	analysis/motionplayer_tasks_status.tsv; analysis/motionplayer_vertical_test_matrix.tsv; analysis/motionplayer_fixture_decisions.tsv; cpp/plugins/motionplayer; tests/unit-tests/plugins/motionplayer-dll.cpp; tests/differential; tools/motionsim	analysis/motionplayer_vertical_slice_existing_unit_test_map_2026-08-28.md; analysis/motionplayer_existing_fixture_supplement_decisions_2026-08-28.md; analysis/motionplayer_v09_v15_crosscutting_final_audit_2026-08-28.md	Every static ticket maps to implementation/report fields and MP-V01/MP-V02 provide the test or unavailable-material decision denominator	No mapping gap; only external differential execution remains under MP-V03 through MP-V05
MP-F07-FINAL-GAP-DENOMINATOR	Final remaining-gap denominator separating implementable common source from irreducible evidence limits platform behavior and unavailable environment validation	motionplayer.dll + emoteplayer.dll	common finite-value semantics closed; AArch64 FP platform rows retained	common finite-value semantics closed; ARMv7 ordered-compare platform rows retained	common finite-value semantics closed; AArch64 FP platform rows retained	common finite-value semantics closed; ARMv7 ordered-compare platform rows retained	IMPLEMENTED	analysis/motionplayer_v15_final_differences.tsv; analysis/motionplayer_tasks_status.tsv; tools/motionsim/generate_final_crosscutting_audits.py	analysis/motionplayer_v09_v15_crosscutting_final_audit_2026-08-28.md; analysis/motionplayer_android_ios_arm64_armv7_difference_classification_four_binary_2026-08-28.md	Final set separates three accepted platform boundaries one ABI/compiler class and two external differential gaps; shared semantic and IDA transport gaps are closed	Gap audit is complete; VERIFY-001 and VERIFY-002 remain under MP-V03 through MP-V05 before MP-F08 acceptance
MP-F08-FINAL-ACCEPTANCE	Final acceptance ledger for source structure data flow call chain object lifetime internal containers boundary behavior IDB persistence and honest validation claims	motionplayer.dll + emoteplayer.dll	final Android arm64 evidence and IDB persistence accepted	final Android armv7 evidence and IDB persistence accepted	final iOS arm64 evidence and IDB persistence accepted	final iOS armv7 evidence and IDB persistence accepted	EVIDENCE_BLOCKED	analysis/motionplayer_coverage.tsv; analysis/motionplayer_tasks_status.tsv; analysis/motionplayer_v15_final_differences.tsv; analysis/motionplayer_final_reconstruction_report_2026-08-28.md; plan.md	analysis/motionplayer_v09_v15_crosscutting_final_audit_2026-08-28.md; analysis/motionplayer_final_reconstruction_report_2026-08-28.md	Static denominator IDB persistence local Web/native/hash validation and final publication are complete	Only MP-V03 through MP-V05 external paired differential artifacts remain before final acceptance
MP-C33-PRIVATE-GLL-CLASS-DRAW	Private __Private_Motion_GLLayer lazy class registrar ClassID native factory six callbacks derived vtable deque texture owner Draw_GPU target stencil method geometry0 affine geometry1 Bezier geometry2 mesh consumer EH and static-lifetime closure	motionplayer.dll	registrar@0x6DA664 103 factory@0x6DA810 38 callbacks 311 Draw_GPU@0x6DA94C 407	registrar@0x59BD98 97 factory@0x59BEE0 8 ctor@0x59BF04 22 callbacks 234 Draw_GPU@0x59BFB4 420	registrar@0x10012A73C 79 cleanup@0x10012A888 9 factory@0x10012A8AC 25 cleanup@0x10012A914 5 callbacks 166 Draw_GPU@0x10012A9B4 416 cleanup@0x10012B050 72	registrar@0x1293D4 133 cleanup@0x129584 18 factory@0x1295CC 65 cleanup@0x129686 12 callbacks 162 Draw_GPU@0x129724 621 cleanup@0x129DCC 134	IMPLEMENTED	cpp/plugins/motionplayer/PrivateMotionGLL.cpp:29; cpp/plugins/motionplayer/PrivateMotionGLL.cpp:36; cpp/plugins/motionplayer/PrivateMotionGLL.cpp:242; cpp/plugins/motionplayer/PrivateMotionGLL.cpp:250; cpp/plugins/motionplayer/PrivateMotionGLL.cpp:396; cpp/plugins/motionplayer/PrivateMotionGLL.cpp:455; cpp/plugins/motionplayer/PrivateMotionGLL.cpp:493; cpp/plugins/motionplayer/PrivateMotionGLL.cpp:518; tests/unit-tests/plugins/motionplayer-dll.cpp:6630	analysis/motionplayer_private_gll_class_draw_gpu_four_binary_2026-08-27.md; analysis/motionplayer_private_gll_command_builder_four_binary_2026-08-27.md; analysis/motionplayer_private_opengl_manager_d3d_render_envelope_four_binary_2026-08-27.md; analysis/motionplayer_d3d_mesh_submit_repeat_cells_four_binary_2026-08-27.md; analysis/motionplayer_bezier_basis_tessellation_four_binary_2026-08-27.md	fresh four unique UTF16LE class-name searches complete; full four registrars 103/97/79/133 factories and allocation cleanups callbacks 311/234/166/162 Draw_GPU bodies 407/420/416/621 plus 72 cold and 134 SjLj cleanup all cursors done; exact unique ensure root and vtable data-pointer closure; removed non-reference headless Draw trace; PrivateMotionGLL.cpp syntax-only check passed; IDBs named commented bookmarked saved; formal build unavailable	No remaining semantic gap in the final root-reachable denominator; formal CMake unit and Web builds remain unavailable in this environment
MP-C32-PLAYER-FRAME-PROGRESS-EVENTS	Player frameProgress root modified and parameterized node refresh absolute reseek forward reverse four-stream cursor machine variable and node dual-slot parse merge join snapshot restore pending-event enqueue dispatch live-end owner EH and caller closure	motionplayer.dll	frame@0x6BE44C 278 refresh@0x6B3C58 153 reseek@0x6B5AA8 982 forward@0x6B3EBC 863 reverse@0x6B6E1C 728 events@0x6C1870 118	frame@0x58A63A 240 refresh@0x582A7C 102 reseek@0x583C8C 662 forward@0x582BE0 625 reverse@0x584838 507 events@0x58C3A8 90	frame@0x100113B50 197 refresh@0x10010A88C 74 reseek@0x10010C3CC 526 forward@0x10010AA08 553 reverse@0x10010D230 432 events@0x10011622C 97	frame@0x111556 238 refresh@0x10820C 123 reseek@0x109DAC 758 forward@0x1083D8 730 reverse@0x10AB68 583 events@0x113B64 145	IMPLEMENTED	cpp/plugins/motionplayer/PlayerFrameProgress.cpp:114; cpp/plugins/motionplayer/PlayerFrameProgress.cpp:127; cpp/plugins/motionplayer/PlayerFrameProgress.cpp:481; cpp/plugins/motionplayer/PlayerFrameProgress.cpp:620; cpp/plugins/motionplayer/PlayerFrameProgress.cpp:894; cpp/plugins/motionplayer/PlayerFrameProgress.cpp:905; cpp/plugins/motionplayer/PlayerFrameProgress.cpp:915; cpp/plugins/motionplayer/PlayerFrameProgress.cpp:1229; cpp/plugins/motionplayer/PlayerFrameProgress.cpp:1240; cpp/plugins/motionplayer/PlayerFrameProgress.cpp:1292; cpp/plugins/motionplayer/PlayerUpdateLayerEval.cpp:319; cpp/plugins/motionplayer/PlayerUpdateLayerEval.cpp:907; cpp/plugins/motionplayer/PlayerUpdateLayerEval.cpp:952; cpp/plugins/motionplayer/PlayerUpdateLayerEval.cpp:997; cpp/plugins/motionplayer/PlayerUpdateLayerEval.cpp:1240; cpp/plugins/motionplayer/PlayerUpdateLayerEval.cpp:1271; tests/unit-tests/plugins/motionplayer-dll.cpp:22668; tests/unit-tests/plugins/motionplayer-dll.cpp:22929; tests/unit-tests/plugins/motionplayer-dll.cpp:25287; tests/unit-tests/plugins/motionplayer-dll.cpp:25825; tests/unit-tests/plugins/motionplayer-dll.cpp:26704; tests/unit-tests/plugins/motionplayer-dll.cpp:27181	analysis/motionplayer_player_frame_progress_events_four_binary_2026-08-27.md; analysis/motionplayer_player_play_progress_raw_four_binary_2026-08-26.md; analysis/motionplayer_player_update_layers_dispatcher_four_binary_2026-08-27.md; analysis/motionplayer_player_calc_bounds_four_binary_2026-08-27.md	fresh four complete roots 278/240/197/238 dispatchers 118/90/97/145 five direct helper groups totaling 8669 instructions and 36 deep helper bodies including 5917 node-merge instructions all cursors done; complete caller xrefs; exact first-frame queue forward reverse loop four-stream owner partial-commit live-end event and ELF/cold/SjLj EH audit; local line comparison matched; IDBs named commented bookmarked saved; formal build unavailable	No remaining semantic gap in the final root-reachable denominator; formal CMake unit and Web builds remain unavailable in this environment
MP-C31-PLAYER-VARIABLE-BINDER	Player common variable binder normalized HM1 insertion writeVal one-shot cache rebuild type3/type4 child parameter-ramp propagation unconditional HM2 own equal-range duplicate updates caller closure partial commits and old-tree rearm lifecycle	motionplayer.dll	binder@0x6C1A48 490; rebuild@0x6B6A30 249; ramp inline; reset@0x6B2AD8 244	binder@0x58C4D8 231; rebuild@0x58466C 159; ramp@0x585058 40; reset@0x581F3C 212	binder@0x100116410 188; rebuild@0x10010D004 132; ramp@0x10010DDE0 43; reset@0x100109ACC 221	binder@0x113D54 291; rebuild@0x10A930 187; ramp@0x10B708 42; reset@0x107358 312	IMPLEMENTED	cpp/plugins/motionplayer/PlayerVariable.cpp:20; cpp/plugins/motionplayer/PlayerVariable.cpp:44; cpp/plugins/motionplayer/PlayerVariable.cpp:208; cpp/plugins/motionplayer/PlayerVariable.cpp:300; cpp/plugins/motionplayer/PlayerMotionLoad.cpp:101; cpp/plugins/motionplayer/Player.h:1266; tests/unit-tests/plugins/motionplayer-dll.cpp:15684	analysis/motionplayer_player_variable_binder_dataflow_four_binary_2026-08-27.md; analysis/motionplayer_player_parameter_table_pipeline_four_binary_2026-08-27.md; analysis/motionplayer_emoteplayer_primary_flow_raw_setters_four_binary_2026-08-27.md	fresh four complete binders 490/231/188/291 rebuilders 249/159/132/187 retained ramp helpers 40/43/42 reset functions 244/212/221/312 and eight Engine caller helpers/clones 253/33/199/35/175/32/201/34 all cursors done; full binder/rebuild caller xrefs; exact container owner IEEE partial-commit and reset field audit; fixed writeVal-vs-weight reset bug; syntax-only checks passed; formal unit/Web build unavailable	No remaining semantic gap in the final root-reachable denominator; formal CMake unit and Web builds remain unavailable in this environment
MP-C30-PLAYER-KRKR-ATLAS-IMAGEPACKER	Player shared KRKR atlas loader source icon full enumeration ABI-specific record vector rotated palette state RL8 RL32 decode transparent replacement bundled ImagePacker pages persistent cache texture ownership partial commit exception and malformed boundaries	motionplayer.dll	Player_loadKrkrAtlasSource_guess@0x6931C8 1997; ImagePacker_pack_guess@0xA6DA58 149; ImagePacker_rect2D_guess@0xA6CFFC 477; RL8/RL32 inline	Player_loadKrkrAtlasSource_guess@0x570F54 1014; ImagePacker_pack_guess@0x79436C 112; ImagePacker_rect2D_guess@0x793F5C 293; RL32@0x571DA4 33; RL8 inline	Player_loadKrkrAtlasSource_guess@0x1000F4098 1136; ImagePacker_pack_guess@0x100054E20 147; ImagePacker_rect2D_guess@0x100054944 237; RL32/RL8@0x1000F5474/0x1000F5510 39/34	Player_loadKrkrAtlasSource_guess@0xF0BE4 1667; ImagePacker_pack_guess@0x53EB8 219; ImagePacker_rect2D_guess@0x53A04 379; RL32/RL8@0xF1F10/0xF1F6A 33/32	IMPLEMENTED	cpp/plugins/motionplayer/PlayerResource.cpp:184; cpp/plugins/motionplayer/PlayerResource.cpp:238; cpp/plugins/motionplayer/PlayerResource.cpp:301; cpp/plugins/motionplayer/PlayerResource.cpp:414; cpp/plugins/motionplayer/PlayerResource.cpp:596; cpp/plugins/motionplayer/ResourceManager.h:37; cpp/plugins/motionplayer/ResourceManager.cpp:66; cpp/core/visual/ogl/imagepacker.cpp:67; cpp/core/visual/ogl/imagepacker.cpp:257; tests/unit-tests/plugins/motionplayer-dll.cpp:12587; tests/unit-tests/plugins/motionplayer-dll.cpp:12626	analysis/motionplayer_krkr_atlas_imagepacker_four_binary_2026-08-27.md; analysis/motionplayer_player_find_source_for_node_four_binary_2026-08-27.md; analysis/motionplayer_d3d_source_getter_texture_map_insert_four_binary_2026-08-27.md	fresh four complete loaders 1997/1014/1136/1667 packers 149/112/147/219 and rect2D 477/293/237/379 plus retained decoders 33/39/34/33/32 all cursors done; exact two loader callers and one packer caller per target; record stride/order vector decoder pack page map owner EH and malformed audit; local line comparison matched; IDBs named commented bookmarked saved; formal build unavailable	No remaining semantic gap in the final root-reachable denominator; formal CMake unit and Web builds remain unavailable in this environment
MP-C15-PLAYER-UPDATE-LAYERS-DISPATCHER	Player updateLayers entry assign flag phase1 phase2 all-node including root queued-or-current-minus-previous position delta camera-dirty handoff fixed ten phase3 calls nonroot flag dirty parameter-mode and final Player-byte cleanup dispatcher	motionplayer.dll	Player_updateLayers_guess@0x6B871C 685 instructions phases@0x6B93E0/0x6B98D0/0x6BACBC/0x6BAE08/0x6BB0A0/0x6BB274/0x6BB4A0/0x6BC1B0/0x6BC4BC/0x6BD908	Player_updateLayers_guess@0x5856E0 764 instructions phases@0x586228/0x5866F8/0x58762C/0x587748/0x587978/0x587BAC/0x587E00/0x588820/0x588A48/0x589C00	Player_updateLayers_guess@0x10010E544 719 instructions phases@0x10010F22C/0x10010F6AC/0x1001107BC/0x1001108C4/0x100110B20/0x100110CE0/0x100110EEC/0x100111A6C/0x100111D08/0x100113024	Player_updateLayers_guess@0x10BE5C 821 instructions phases@0x10CA04/0x10CE30/0x10DF88/0x10E048/0x10E274/0x10E46C/0x10E68C/0x10F2CC/0x10F51C/0x110908	IMPLEMENTED	cpp/plugins/motionplayer/PlayerUpdateLayers.cpp:11; cpp/plugins/motionplayer/PlayerUpdateLayers.cpp:24; cpp/plugins/motionplayer/PlayerUpdateLayers.cpp:43; cpp/plugins/motionplayer/PlayerUpdateLayers.cpp:63; cpp/plugins/motionplayer/PlayerUpdateLayers.cpp:70; tests/unit-tests/plugins/motionplayer-dll.cpp:32030	analysis/motionplayer_player_update_layers_dispatcher_four_binary_2026-08-27.md	fresh four full updateLayers root decompiles and complete 685/764/719/821 disassemblies plus all callers and exact ten-phase address/order audit; exact entry phase all-node delta camera boundary exception cleanup deque and parameter stride comparison; removed non-reference diagnostics and moved delta pass from vertex tail to root boundary including root; IDBs named commented bookmarked saved; formal build unavailable	No remaining semantic gap in the final root-reachable denominator; formal CMake unit and Web builds remain unavailable in this environment
MP-C14-PLAYER-PARAMETER-POINTER-CONSUMERS	Player type3 motion-sub replay-mode node-or-selected pointer and per-use node-or-clamped time reloads plus type6 emitter node-or-frameTick pointer boundary with no integer re-resolution	motionplayer.dll	motion-sub@0x6BB4A0 833 emitter@0x6BC1B0 193	motion-sub@0x587E00 760 emitter@0x588820 172	motion-sub@0x100110EEC 709 emitter@0x100111A6C 167	motion-sub@0x10E68C 921 emitter@0x10F2CC 178	IMPLEMENTED	cpp/plugins/motionplayer/PlayerUpdateChildMotion.cpp:33; cpp/plugins/motionplayer/PlayerUpdateChildMotion.cpp:187; cpp/plugins/motionplayer/PlayerUpdateChildMotion.cpp:242; cpp/plugins/motionplayer/PlayerUpdateParticles.cpp:196; cpp/plugins/motionplayer/MotionNode.h:126; tests/unit-tests/plugins/motionplayer-dll.cpp:22355; tests/unit-tests/plugins/motionplayer-dll.cpp:25473	analysis/motionplayer_player_parameter_pointer_consumers_four_binary_2026-08-27.md	fresh eight full phase decompiles and complete motion-sub 833/760/709/921 plus emitter 193/172/167/178 disassemblies; exact three distinct pointer-selection and reload frontiers with field offsets and unique updateLayers xrefs; restored selected-mode fallback and per-use node time loads; deleted integer resolver and compiled parameterizeIndex; IDBs named commented bookmarked saved; formal build unavailable	No remaining semantic gap in the final root-reachable denominator; formal CMake unit and Web builds remain unavailable in this environment
MP-C13-PLAYER-INIT-VARIABLES	Player ordinary-motion eager variable-track deque clear owning list and item accessors append-first partial publication double label read scope conversion prefix fields owners and unwind behavior	motionplayer.dll	Player_initVariables_guess@0x6CAB30 430 instructions	Player_initVariables_guess@0x592944 215 instructions	Player_initVariables_guess@0x10011D540 196 instructions	Player_initVariables_guess@0x11BF04 275 instructions	IMPLEMENTED	cpp/plugins/motionplayer/PlayerMotionLoad.cpp:35; cpp/plugins/motionplayer/internal/value_structs.h:69; cpp/plugins/motionplayer/internal/value_structs.h:90; cpp/plugins/motionplayer/internal/player_containers.h:66; tests/unit-tests/plugins/motionplayer-dll.cpp:12700; tests/unit-tests/plugins/motionplayer-dll.cpp:21757	analysis/motionplayer_player_init_variables_four_binary_2026-08-27.md	fresh four complete 430/215/196/275 decompiles and disassemblies plus unique caller xrefs; complete UTF16LE variable label scope and double-colon searches; exact clear temporary owner exact-Void item-before-append double-read field-store scope-conversion concat partial-publication deque ABI and unwind audit; local already matched; IDBs named commented bookmarked saved; formal build unavailable	No remaining semantic gap in the final root-reachable denominator; formal CMake unit and Web builds remain unavailable in this environment
MP-C12-PLAYER-BUILD-NODE-TREE	Player ordinary-motion owning-accessor old-tree reset recursive pre-order MotionNode partial publication NodeLabelMap layer-id field type3 child particle and stencil-mask post-link pipeline	motionplayer.dll	build@0x6B25D0 recursive@0x6B1E4C init-node@0x6B1058 label-map@0x6B2498 adaptor@0x6EEB74	build@0x581CC8 recursive@0x5818B0 init-node@0x580FA4 label-map@0x581C54 adaptor@0x58185C	build@0x1001097C8 recursive@0x100109328 init-node@0x100108720 label-map@0x100141740 adaptor@0x1001092A0	build@0x107060 recursive@0x106BDC init-node@0x105E70 label-map@0x142844 adaptor@0x106B08	IMPLEMENTED	cpp/plugins/motionplayer/PlayerMotionLoad.cpp:164; cpp/plugins/motionplayer/NodeTree.cpp:35; cpp/plugins/motionplayer/NodeTree.cpp:47; cpp/plugins/motionplayer/NodeTree.cpp:81; cpp/plugins/motionplayer/NodeTree.cpp:245; cpp/plugins/motionplayer/NodeTree.cpp:297; cpp/plugins/motionplayer/PlayerInternal.h:78; cpp/plugins/motionplayer/PlayerCore.cpp:688; cpp/plugins/motionplayer/internal/player_containers.h:68; tests/unit-tests/plugins/motionplayer-dll.cpp:23563; tests/unit-tests/plugins/motionplayer-dll.cpp:24985	analysis/motionplayer_player_build_node_tree_four_binary_2026-08-27.md	fresh four complete 20 build recursive initializer label-map and adaptor decompiles/disassemblies totaling 1662/984/826/1323 instructions; 33 UTF16LE properties x four complete searches; exact owner partial-publication RM recursion duplicate pointer child leak particle mask snapshot and unwind audit; removed non-reference build traces restored shared pointer selector and node-count snapshot; IDBs named commented bookmarked saved; formal build unavailable	No remaining semantic gap in the final root-reachable denominator; formal CMake unit and Web builds remain unavailable in this environment
MP-C11-PLAYER-PARAMETER-TABLE-PIPELINE	Player ordinary-motion parameter vector parsing initial HM2/HM1 cascade lookup IEEE normalization selected alias multimap publication and exact destructor purge lifecycle	motionplayer.dll	append@0x6AEAF8 finalize@0x6AF2AC parse@0x6AF40C initial@0x6AEE9C normalize-inline select-inline purge@0x6CB1F8 map-insert@0x6EEA8C	append@0x57FA14 finalize@0x57FF44 parse@0x57FFE8 initial@0x57FCF0 normalize@0x57FC38 select@0x58175C purge@0x592CD0 map-insert@0x5AC9F8	append@0x100106D00 finalize@0x1001072C4 parse@0x100107370 initial@0x100106FEC normalize@0x100106F78 select@0x1001090E8 purge@0x10011DA9C map-insert@0x100140858	append@0x104168 finalize@0x1047FC parse@0x1048FC initial@0x10451C normalize@0x10446C select@0x106944 purge@0x11C3D0 map-insert@0x141B1C	IMPLEMENTED	cpp/plugins/motionplayer/PlayerVariable.cpp:66; cpp/plugins/motionplayer/PlayerVariable.cpp:116; cpp/plugins/motionplayer/PlayerVariable.cpp:159; cpp/plugins/motionplayer/PlayerVariable.cpp:176; cpp/plugins/motionplayer/PlayerVariable.cpp:186; cpp/plugins/motionplayer/PlayerVariable.cpp:263; cpp/plugins/motionplayer/PlayerCore.cpp:668; cpp/plugins/motionplayer/RuntimeSupport.h:32; cpp/plugins/motionplayer/internal/player_containers.h:75; tests/unit-tests/plugins/motionplayer-dll.cpp:21495; tests/unit-tests/plugins/motionplayer-dll.cpp:21543; tests/unit-tests/plugins/motionplayer-dll.cpp:23481	analysis/motionplayer_player_parameter_table_pipeline_four_binary_2026-08-27.md	fresh four append finalize parse initial-value purge and specialized-map-insert decompiles plus three standalone normalize and select helpers; complete 807/638/515/842 independent instructions with all cursors done; raw four UTF16 double-colon bytes; exact owner partial-commit duplicate borrow IEEE selection and destructor audit; local already matched; IDBs named commented bookmarked saved; formal build unavailable	No remaining semantic gap in the final root-reachable denominator; formal CMake unit and Web builds remain unavailable in this environment
MP-D11-PLAYER-PLAYBACK-STATE-MACHINE	Player shared playImpl loadMotionResult Join reset type1 division secondary load and type0 persistent owner parameter node variable clock initializer state machine with exact flags partial commits exceptions containers and floating boundary	motionplayer.dll	play@0x6AF664 load@0x6AE2F0 join@0x6AFF5C emote@0x6B0270 ordinary@0x6B0A3C	play@0x580158 load@0x57F654 join@0x580668 emote@0x5807E0 ordinary@0x580C28	play@0x100107540 load@0x1001067BC join@0x100107B90 emote@0x100107D38 ordinary@0x100108258	play@0x104AE8 load@0x103BBC join@0x1051AC emote@0x105350 ordinary@0x1058F8	IMPLEMENTED	cpp/plugins/motionplayer/PlayerTimeline.cpp:95; cpp/plugins/motionplayer/PlayerCore.cpp:442; cpp/plugins/motionplayer/PlayerCore.cpp:588; cpp/plugins/motionplayer/PlayerCore.cpp:647; cpp/plugins/motionplayer/PlayerFrameProgress.cpp:735; cpp/plugins/motionplayer/Player.h:72; tests/unit-tests/plugins/motionplayer-dll.cpp:18377; tests/unit-tests/plugins/motionplayer-dll.cpp:19693; tests/unit-tests/plugins/motionplayer-dll.cpp:21617; tests/unit-tests/plugins/motionplayer-dll.cpp:24103; tests/unit-tests/plugins/motionplayer-dll.cpp:24119; tests/unit-tests/plugins/motionplayer-dll.cpp:24138; tests/unit-tests/plugins/motionplayer-dll.cpp:24162; tests/unit-tests/plugins/motionplayer-dll.cpp:26768	analysis/motionplayer_player_playback_state_machine_four_binary_2026-08-27.md	fresh four complete 20 function decompiles disassemblies totaling 2034/1162/978/1526 instructions plus all xrefs; exact flag gates reused hidden result callback and RM owners join map rebuild unguarded division split nested load parameter partial commit clock and EH audit; removed non-reference PRTDIAG sidecars; IDBs named commented bookmarked saved; formal build unavailable	No remaining semantic gap in the final root-reachable denominator; formal CMake unit and Web builds remain unavailable in this environment
MP-L14-EMOTEPLAYER-PRIMARY-FLOW-RAW-SETTERS	EmotePlayer nineteen primary flow direct Engine facade state snapshot timeline pass and native-instance raw setter callbacks with exact typed arity conversion owner controller deque map wind width split exception and IEEE boundaries	emoteplayer.dll	callbacks@0x67EC94/entry0x67A3F8/0x67ECB0/0x67A8B0/0x66DD8C/0x67EE18/0x67C7EC/0x67EE44/0x5341FC/0x67EEEC/0x673220/0x675424/0x67F028/0x66F1D0/0x66F440/0x66F6FC/0x66F948/0x66FB5C/0x66FE58 helpers@0x67A100/0x66E608/0x6646E0/0x663870/0x670138/0x66DEDC	callbacks@0x561D08/0x55FEF0/0x561D38/0x560020/0x559900/0x561D90/0x5610B0/0x561DA8/0x4979BC/0x497BFE/0x55BB70/0x55CF3C/0x561E18/0x55A368/0x55A450/0x55A548/0x55A628/0x55A6E8/0x55A828 helpers@0x55FCC4/0x559D84/0x5542B0/0x553AD4/0x55A788/0x55A928	callbacks@0x1001B5C68/0x1001B4304/0x1001B5C84/0x1001B4468/0x1001AC718/0x1001B5CD8/0x1001B5040/0x1001B5D04/0x1001B5D84/0x1001B5E84/0x1001AF774/0x1001B1130/0x1001B5ECC/0x1001AD684/0x1001AD778/0x1001AD894/0x1001AD970/0x1001ADA3C/0x1001ADB98 helpers@0x1001B3FE4/0x1001ACDBC/0x1001A4C44/0x1001A4308/0x1001ADAF4/0x1001ADC9C	callbacks@0x1B586C/0x1B3E10/0x1B5898/0x1B3F58/0x1ABF24/0x1B5944/0x1B4CBC/0x1B595C/0x1B5A2C/0x1B5B74/0x1AEF30/0x1B0B80/0x1B5BAA/0x1ACD18/0x1ACE5C/0x1ACF52/0x1AD010/0x1AD0CC/0x1AD218 helpers@0x1B3BBC/0x1AC5F4/0x1AD16A/0x1AD37C	IMPLEMENTED	cpp/plugins/motionplayer/EmotePlayer.cpp:515; cpp/plugins/motionplayer/EmoteEngine.cpp:1317; cpp/plugins/motionplayer/EmoteEngine.cpp:1425; cpp/plugins/motionplayer/EmoteEngine.cpp:2572; cpp/plugins/motionplayer/EmoteEngine.cpp:3144; cpp/plugins/motionplayer/EmoteEngine.cpp:3448; cpp/plugins/motionplayer/EmoteEngine.cpp:3782; cpp/plugins/motionplayer/EmoteEngine.cpp:3817; cpp/plugins/motionplayer/PlayerCore.cpp:922; cpp/plugins/motionplayer/PlayerTimeline.cpp:311; cpp/plugins/motionplayer/PlayerLayerQuery.cpp:679; tests/unit-tests/plugins/motionplayer-dll.cpp:27420; tests/unit-tests/plugins/motionplayer-dll.cpp:28490; tests/unit-tests/plugins/motionplayer-dll.cpp:28684; tests/unit-tests/plugins/motionplayer-dll.cpp:28756; tests/unit-tests/plugins/motionplayer-dll.cpp:28919; tests/unit-tests/plugins/motionplayer-dll.cpp:30523; tools/motionsim/generate_ncb_equivalence_ledger.py:818	analysis/motionplayer_emoteplayer_primary_flow_raw_setters_four_binary_2026-08-27.md	fresh four complete 76 callback disassemblies and decompile attempts plus 22 explicit helper or continuation bodies with complete cursors; exact progress metadata wind typed owner state snapshot pass raw argc double ease transform controller route and malformed boundaries; Android arm64 clear Hex-Rays failure resolved by full 42-instruction body and three-platform isomorphism; local already matched; IDBs named commented bookmarked saved; formal build unavailable	No remaining semantic gap in the final root-reachable denominator; formal CMake unit and Web builds remain unavailable in this environment
MP-L14-EMOTEPLAYER-TIMELINE-SELECTOR-QUERIES	EmotePlayer twenty late timeline raw callbacks direct Engine bindings variable range frame list label list sparse playing info selector target reset mirror and Player command-list facade owner container exception and boundary behavior	emoteplayer.dll	callbacks@0x66F190/0x66BF6C/0x670224/0x67F38C/0x67F47C/0x670674/0x670ACC/0x670DD4/0x67F5A8/0x670FCC/0x67F67C/0x672334/0x6724A0/0x67260C/0x6727D0/0x6728A4/0x67F7DC/0x672BFC/0x672FD4/0x67F900 helpers@0x670350/0x679680/0x67098C/0x6D3970	callbacks@0x55A336/0x558888/0x55A9EC/0x562130/0x5621C8/0x55AB8C/0x55AD64/0x55AEA8/0x562270/0x55AF8C/0x5622A0/0x55B5C8/0x55B63C/0x55B6B0/0x55B750/0x55B788/0x562378/0x55B908/0x55BAD4/0x5623DE helpers@0x55AA70/0x55F6E4/0x55ACAC/0x55ACDC/0x55AE44/0x597C00/0x595FF0	callbacks@0x1001AD644/0x1001AB03C/0x1001ADD74/0x1001B6228/0x1001B62D8/0x1001ADFB0/0x1001AE200/0x1001AE364/0x1001B6398/0x1001AE454/0x1001B63C8/0x1001AEF14/0x1001AEFA0/0x1001AF02C/0x1001AF0D4/0x1001AF104/0x1001B64D0/0x1001AF2F0/0x1001AF628/0x1001B65D4 helpers@0x1001ADE0C/0x1001B341C/0x1001AE100/0x1001AE178/0x1001AE2E8/0x1001241FC/0x100121EB0	callbacks@0x1ACCEA/0x1AA714/0x1AD460/0x1B6008/0x1B6108/0x1AD72C/0x1AD97C/0x1ADB24/0x1B6218/0x1ADC6C/0x1B623C/0x1AE6F4/0x1AE7C8/0x1AE89C/0x1AE9A4/0x1AE9D0/0x1B6394/0x1AEBE4/0x1AEE48/0x1B644C helpers@0x1AD53C/0x1B2F70/0x1AD8CC/0x1AD918/0x1ADABC/0x1234D8/0x120CF8	IMPLEMENTED	cpp/plugins/motionplayer/EmotePlayer.cpp:760; cpp/plugins/motionplayer/EmoteEngine.cpp:1145; cpp/plugins/motionplayer/EmoteEngine.cpp:1227; cpp/plugins/motionplayer/EmoteEngine.cpp:1310; cpp/plugins/motionplayer/EmoteEngine.cpp:2926; cpp/plugins/motionplayer/EmoteEngine.cpp:3065; cpp/plugins/motionplayer/EmoteEngine.cpp:3089; cpp/plugins/motionplayer/EmoteEngine.cpp:3114; cpp/plugins/motionplayer/PlayerLayerQuery.cpp:795; tests/unit-tests/plugins/motionplayer-dll.cpp:14607; tests/unit-tests/plugins/motionplayer-dll.cpp:28348; tests/unit-tests/plugins/motionplayer-dll.cpp:29120; tests/unit-tests/plugins/motionplayer-dll.cpp:29507; tests/unit-tests/plugins/motionplayer-dll.cpp:31874; tests/unit-tests/plugins/motionplayer-dll.cpp:32025; tools/motionsim/generate_ncb_equivalence_ledger.py:818	analysis/motionplayer_emoteplayer_timeline_selector_queries_four_binary_2026-08-27.md	fresh four complete 80 callback bodies plus play stop is-playing blend fade Player range and 1315/838/596/1032 command-list helper closures with complete disassembly cursors; UTF16LE query log and command keys complete; exact raw arity default conversion ease first-call asymmetry reset order list dictionary selector target owner and exception audit; local already matched; IDBs named commented bookmarked saved; formal build unavailable	No remaining semantic gap in the final root-reachable denominator; formal CMake unit and Web builds remain unavailable in this environment
MP-L14-EMOTEPLAYER-PLAYER-FACADE-PROPERTIES-METHODS	EmotePlayer nineteen Player facade properties and methods including raw scalar string Variant aliases frame-domain time bounds signed recursive count affine camera root deque owner exception and IEEE boundary behavior	emoteplayer.dll	callbacks@0x67F02C/0x67F038/0x67F044/0x67C750/0x67F068/0x67F08C/0x67F128/0x67C6C0/0x67F1A4/0x67F1B0/0x67F1BC/0x67F1C8/0x67F1D4/0x67F1E4/0x67F258/0x67F264/0x67F274/0x67F280/0x67F28C/0x67F294/0x67F2C8/0x67F2D0/0x67F2D8/0x67F2EC helpers@0x6AFEC8/0x6AF5C8/0x6C9E64/0x6CE3F8	callbacks@0x561E50/0x561E5A/0x561E64/0x561044/0x561E88/0x561EAC/0x561F18/0x560FD4/0x561F74/0x561F7E/0x561F88/0x561F96/0x561FA4/0x561FB8/0x562010/0x56201A/0x562024/0x562032/0x562040/0x56204E/0x562068/0x562070/0x56207E/0x56209C helpers@0x5805FC/0x5800EC/0x59226C/0x594710/0x596C40/0x59441C	callbacks@0x1001B5F24/0x1001B5F30/0x1001B5F3C/0x1001B4FD8/0x1001B5F60/0x1001B5F84/0x1001B5FEC/0x1001B4F68/0x1001B6048/0x1001B6054/0x1001B6060/0x1001B606C/0x1001B6078/0x1001B6088/0x1001B60DC/0x1001B60E8/0x1001B60F4/0x1001B6100/0x1001B610C/0x1001B6114/0x1001B6148/0x1001B6150/0x1001B6158/0x1001B616C helpers@0x100107AFC/0x1001074A4/0x10011CBD4/0x10011FDA8/0x100122D54/0x10011F6EC	callbacks@0x1B5BD6/0x1B5BE0/0x1B5BEA/0x1B4BFC/0x1B5C0E/0x1B5C34/0x1B5CF4/0x1B4B38/0x1B5DA4/0x1B5DAE/0x1B5DB8/0x1B5DC6/0x1B5DD4/0x1B5DE8/0x1B5E94/0x1B5E9E/0x1B5EA8/0x1B5EB6/0x1B5EC4/0x1B5ED2/0x1B5EEC/0x1B5F26/0x1B5F34/0x1B5F56 helpers@0x105140/0x104A7C/0x11B53C/0x11EA6C/0x121D90/0x11E220	IMPLEMENTED	cpp/plugins/motionplayer/EmotePlayer.h:171; cpp/plugins/motionplayer/EmotePlayer.cpp:742; cpp/plugins/motionplayer/Player.h:132; cpp/plugins/motionplayer/PlayerCore.cpp:330; cpp/plugins/motionplayer/PlayerLayerQuery.cpp:639; cpp/plugins/motionplayer/PlayerDrawDispatch.cpp:8; cpp/plugins/motionplayer/PlayerCore.cpp:979; tests/unit-tests/plugins/motionplayer-dll.cpp:12778; tests/unit-tests/plugins/motionplayer-dll.cpp:13725; tests/unit-tests/plugins/motionplayer-dll.cpp:16988; tests/unit-tests/plugins/motionplayer-dll.cpp:31577; tests/unit-tests/plugins/motionplayer-dll.cpp:31739; tools/motionsim/generate_ncb_equivalence_ledger.py:818	analysis/motionplayer_emoteplayer_player_facade_properties_methods_four_binary_2026-08-27.md	fresh four complete 96 unique callback bodies plus 24 shared Player helper bodies with complete disassembly cursors; UTF16LE bounds and camera keys complete cursors; exact facade pointer scalar String Variant alias pending owner raw frame bounds signed uint32 publication affine original-double predicate camera float root deque and exception audit; local already matched; IDBs named commented bookmarked saved; formal build unavailable	No remaining semantic gap in the final root-reachable denominator; formal CMake unit and Web builds remain unavailable in this environment
MP-L14-EMOTEPLAYER-SCALE-TRIGGER-VARIABLEKEYS-ANIMATING	EmotePlayer twelve Engine-backed scale alias one-way Boolean trigger variableKeys CopyRef selector synchronization and aggregate animating callbacks with field layout deque unordered-set owner partial-commit and boundary behavior	emoteplayer.dll	callbacks@0x67F300/0x67F308/0x67F310/0x67F318/0x67F320/0x67F328/0x67F330/0x67F338/0x67F344/0x67F34C/0x67F358/0x67F360/0x67F36C/0x67F374/0x67F380 animating@0x671378 sync@0x66E0FC	callbacks@0x5620AC/0x5620B6/0x5620C0/0x5620CA/0x5620D4/0x5620DE/0x5620E8/0x5620EE/0x5620F6/0x5620FC/0x562104/0x56210A/0x562112/0x562118/0x562122 animating@0x55B18C sync@0x559A8C	callbacks@0x1001B619C/0x1001B61A4/0x1001B61AC/0x1001B61B4/0x1001B61BC/0x1001B61C4/0x1001B61CC/0x1001B61D4/0x1001B61E0/0x1001B61E8/0x1001B61F4/0x1001B61FC/0x1001B6208/0x1001B6210/0x1001B621C animating@0x1001AE5D8 sync@0x1001AC8A4	callbacks@0x1B5F84/0x1B5F8E/0x1B5F98/0x1B5FA2/0x1B5FAC/0x1B5FB6/0x1B5FC0/0x1B5FC6/0x1B5FCE/0x1B5FD4/0x1B5FDC/0x1B5FE2/0x1B5FEA/0x1B5FF0/0x1B5FFA animating@0x1ADE54 sync@0x1AC0D0	IMPLEMENTED	cpp/plugins/motionplayer/EmotePlayer.h:220; cpp/plugins/motionplayer/EmoteEngine.h:829; cpp/plugins/motionplayer/EmoteEngine.cpp:1104; cpp/plugins/motionplayer/EmoteEngine.cpp:1339; cpp/plugins/motionplayer/main.cpp:465; tests/unit-tests/plugins/motionplayer-dll.cpp:12700; tests/unit-tests/plugins/motionplayer-dll.cpp:28366; tests/unit-tests/plugins/motionplayer-dll.cpp:28414; tests/unit-tests/plugins/motionplayer-dll.cpp:30216; tools/motionsim/generate_ncb_equivalence_ledger.py:818	analysis/motionplayer_emoteplayer_scale_trigger_variablekeys_animating_four_binary_2026-08-27.md	fresh four complete 64 unique callback bodies plus 148/105/131/195 instruction selector sync helpers and 852/257/457/640 instruction aggregate animating predicates; exact raw scale bit preservation one-way ignored Boolean args CopyRef Array snapshot selector deque unordered-set timeline suppression owner and exception partial-commit audit; local already matched; IDBs named commented bookmarked saved; formal build unavailable	No remaining semantic gap in the final root-reachable denominator; formal CMake unit and Web builds remain unavailable in this environment
MP-L10-LAYER-EXTENSIONS-RENDER-LIFETIME	MotionLayerExtensions nine attached callbacks per Layer lazy payload debug Variant face type mode clear plain Bezier render submit update debug nested frame arrays owner exception and negative division boundaries	motionplayer.dll	props@0x6A1768/0x6A1774/0x6A177C/0x6A1788 methods@0x69F150/0x69F304/0x69F5E4/0x69FD7C/0x69FF30/0x6A0210/0x6A0B3C state@0x69AB18/0x69ACD0 render@0x69E0D0/0x69E630	props@0x578BB4/0x578BC0/0x578BC6/0x578BD2 methods@0x577924/0x577A44/0x577B50/0x577F3C/0x57805C/0x578168/0x5786AC state@0x57551C/0x5755E4/0x577684 render@0x576E08/0x577184	props@0x1000FE1C8/0x1000FE1D4/0x1000FE1DC/0x1000FE1E8 methods@0x1000FC6E8/0x1000FC864/0x1000FC9C0/0x1000FCF78/0x1000FD0F4/0x1000FD250/0x1000FDAF8 state@0x1000F936C/0x1000F94CC/0x1000FC29C render@0x1000FB660/0x1000FBBB8	props@0xFB11E/0xFB12A/0xFB130/0xFB13C methods@0xF9654/0xF97F4/0xF996C/0xF9F08/0xFA0A8/0xFA220/0xFAAA4 state@0xF63F8/0xF6558/0xF9328 render@0xF86B0/0xF8C00	IMPLEMENTED	cpp/plugins/motionplayer/MotionLayerExtensions.h:52; cpp/plugins/motionplayer/MotionLayerExtensions.cpp:361; cpp/plugins/motionplayer/MotionLayerExtensions.cpp:946; cpp/plugins/motionplayer/MotionLayerExtensions.cpp:966; cpp/plugins/motionplayer/MotionLayerExtensions.cpp:994; cpp/plugins/motionplayer/MotionLayerExtensions.cpp:1056; cpp/plugins/motionplayer/MotionLayerExtensions.cpp:1111; cpp/plugins/motionplayer/MotionLayerExtensions.cpp:1169; cpp/plugins/motionplayer/MotionLayerExtensions.cpp:1307; tests/unit-tests/plugins/motionplayer-dll.cpp:6929; tests/unit-tests/plugins/motionplayer-dll.cpp:7030; tests/unit-tests/plugins/motionplayer-dll.cpp:7138; tests/unit-tests/plugins/motionplayer-dll.cpp:7280; tests/unit-tests/plugins/motionplayer-dll.cpp:7440; tools/motionsim/generate_ncb_equivalence_ledger.py:713	analysis/motionplayer_layer_extensions_callbacks_lifetime_render_four_binary_2026-08-27.md	fresh four complete 44 callback bodies plus face auto mode clear render submit debug grid and debug Bezier helper families; UTF16LE names and three exact error strings complete cursors; exact lazy field owner mode mapping clear clip method null submit update debug nested frame reverse negative division and exception audit; local already matched; IDBs named commented bookmarked saved; formal build unavailable	No remaining semantic gap in the final root-reachable denominator; formal CMake unit and Web builds remain unavailable in this environment
MP-G10-BEZIERPATCH-METHODS-INVERSE	BezierPatch eight attached static methods unsigned flat pair transforms strict bounds duplicate left fixed tessellation single list bicubic asymmetric U V operation order uninitialized accumulator descending reverse triangle affine owner and boundary behavior	motionplayer.dll	callbacks@0x6A1D40/0x6A2048/0x6A2328/0x6A264C/0x6A2A04/0x6A2D6C/0x6A3230/0x6A3874 parse@0x69E9F8 reverse@0x6D8544	callbacks@0x578D90/0x578F28/0x5790B0/0x579258/0x5794F8/0x5797A0/0x579A18/0x579D48 read@0x4BFBD8 parse@0x577430 point@0x59A300 reverse@0x59A400	callbacks@0x1000FE308/0x1000FE4B4/0x1000FE640/0x1000FE804/0x1000FEAB8/0x1000FEE38/0x1000FF134/0x1000FF508 read@0x1000FBB5C parse@0x1000FBFF0 point@0x100127EF8 reverse@0x100128038	callbacks@0xFB244/0xFB450/0xFB64C/0xFB868/0xFBBDC/0xFC014/0xFC360/0xFC7A4 read@0xF8BC0 parse@0xF9054 point@0x1272C4 reverse@0x1273E4	IMPLEMENTED	cpp/plugins/motionplayer/MotionLayerExtensions.cpp:46; cpp/plugins/motionplayer/MotionLayerExtensions.cpp:195; cpp/plugins/motionplayer/MotionLayerExtensions.cpp:257; cpp/plugins/motionplayer/MotionLayerExtensions.cpp:324; cpp/plugins/motionplayer/MotionLayerExtensions.cpp:351; cpp/plugins/motionplayer/MotionLayerExtensions.cpp:711; cpp/plugins/motionplayer/MotionLayerExtensions.cpp:779; cpp/plugins/motionplayer/MotionLayerExtensions.cpp:795; cpp/plugins/motionplayer/MotionLayerExtensions.cpp:813; cpp/plugins/motionplayer/MotionLayerExtensions.cpp:832; cpp/plugins/motionplayer/MotionLayerExtensions.cpp:861; tests/unit-tests/plugins/motionplayer-dll.cpp:6768; tests/unit-tests/plugins/motionplayer-dll.cpp:6878; tools/motionsim/generate_ncb_equivalence_ledger.py:713	analysis/motionplayer_bezierpatch_methods_geometry_inverse_four_binary_2026-08-27.md	fresh four complete 32 callback bodies including Android arm64 753-instruction combined range split 236/215/302 plus read parse tessellate point triangle reverse affine helper families; UTF16LE six bounds fields complete cursors; exact count owner vector Dictionary duplicate write basis accumulation scan degeneration NaN and exception audit; corrected horizontal vertical single list floating association and single result allocation order; IDBs named commented bookmarked saved; formal build unavailable	No remaining semantic gap in the final root-reachable denominator; formal CMake unit and Web builds remain unavailable in this environment
MP-D10-MOTION-ALPHA-MASK-D3D-AVAILABLE	Motion namespace doAlphaMaskOperation retained destination clip lazy empty source software GPU alpha threshold matrix outside strips static render methods update and getD3DAvailable cached software inversion	motionplayer.dll	alpha@0x6AC4E4 d3d@0x6ADD40 1509/7 instructions	alpha@0x57E1E8 d3d@0x57F4A8 1433/5 instructions	alpha@0x100104E68 d3d@0x10010654C 1197/6 instructions	alpha@0x10243C d3d@0x103908 1654/5 instructions	IMPLEMENTED	cpp/plugins/motionplayer/main.cpp:647; cpp/plugins/motionplayer/main.cpp:665; cpp/plugins/motionplayer/PlayerRenderInternal.cpp:882; cpp/plugins/motionplayer/PlayerRenderInternal.cpp:910; cpp/plugins/motionplayer/PlayerRenderInternal.cpp:1217; tests/unit-tests/plugins/motionplayer-dll.cpp:6258; tests/unit-tests/plugins/motionplayer-dll.cpp:14968; tools/motionsim/generate_ncb_equivalence_ledger.py:272	analysis/motionplayer_motion_alpha_mask_d3d_available_four_binary_2026-08-27.md	fresh four complete 1509/1433/1197/1654 alpha callbacks and 7/5/6/5 availability callbacks; UTF16LE raw byte searches for clipLeft clipTop clipWidth clipHeight fillRect update across all four with complete cursors; exact owner clip empty path software formulas GPU shader blend static threshold parameter strips unsupported operation update and wrapper audit; IDBs named commented bookmarked saved; local already matched; formal build unavailable	No remaining semantic gap in the final root-reachable denominator; formal CMake unit and Web builds remain unavailable in this environment
MP-F01-ROOT-01	motionplayer.dll static registration root exact two direct module-list records Bezier cache and cleanup Layer-attached BezierPatch Motion registrar 23 constants 11 subclasses and two namespace methods downstream denominator	motionplayer.dll	motionplayer_static_registration_root_guess@0x42F1F8 80 instructions	motionplayer_static_registration_root_guess@0x3016E8 85 instructions	motionplayer_static_registration_root_guess@0x10014FC74 66 instructions	motionplayer_static_registration_root_guess@0x151C98 98 instructions	IMPLEMENTED	cpp/plugins/motionplayer/main.cpp:51; cpp/plugins/motionplayer/main.cpp:576; cpp/plugins/motionplayer/main.cpp:612; analysis/motionplayer_ncb_equivalence.tsv	analysis/motionplayer_reconstruction_scope_and_roots_four_binary_2026-08-26.md	fresh four complete root decompiles and 80/85/66/98 disassemblies all cursors done; exact UTF16 module Layer BezierPatch Motion records two-record list insertion Bezier map/vector and std function static cleanup; downstream Motion 23 constants 11 subclass two-method and Bezier 8-method tables cross-linked to 316/316 four-target NCB denominator; local root macros match; IDBs named commented bookmarked saved; formal build unavailable	No remaining semantic gap in the final root-reachable denominator; formal CMake unit and Web builds remain unavailable in this environment
MP-F01-ROOT-02	emoteplayer.dll module record pre-registration callback Motion.EmotePlayer publication ResourceManager seed and callable decrypt setter invokers process-global OwnerFilter replacement static lifetime closure owner and boundary behavior	emoteplayer.dll	emoteplayer_static_module_record_guess@0x42EEE0 31 instructions callback@0x67F908 152 combined setters@0x683110 internal@0x683240 seed invoke@0x6837AC callable invoke@0x6838A0 replace@0x6A5BB0	emoteplayer_static_module_record_guess@0x3013BC 33 instructions callback@0x5623EC 135 seed setter@0x564EC0 callable setter@0x564F58 seed invoke@0x56522E callable invoke@0x5652C0 replace@0x57B174	emoteplayer_static_module_record_guess@0x1001CAE20 26 instructions callback@0x1001B65DC 117 seed setter@0x1001B8D68 callable setter@0x1001B8E50 seed invoke@0x1001B92E8 callable invoke@0x1001B94A8 replace@0x1001010B0 body@0x1001010C4	emoteplayer_static_module_record_guess@0x1C8EB2 41 instructions callback@0x1B645C 197 seed setter@0x1B83AC callable setter@0x1B84D0 seed invoke@0x1B8992 callable invoke@0x1B8AB0 replace@0xFE1E0 body@0xFE1F0	IMPLEMENTED	cpp/plugins/motionplayer/main.cpp:675; cpp/plugins/motionplayer/main.cpp:678; cpp/plugins/motionplayer/ResourceManager.cpp:123; cpp/plugins/motionplayer/ResourceManager.cpp:134; cpp/plugins/motionplayer/ResourceManager.cpp:175; cpp/plugins/motionplayer/ResourceManager.cpp:191; cpp/plugins/motionplayer/ResourceManager.cpp:281; cpp/plugins/motionplayer/ResourceManager.cpp:296; cpp/plugins/motionplayer/ResourceManager.cpp:330; tests/unit-tests/plugins/motionplayer-dll.cpp:6556	analysis/motionplayer_emoteplayer_module_decrypt_root_four_binary_2026-08-27.md; analysis/motionplayer_reconstruction_scope_and_roots_four_binary_2026-08-26.md	fresh four complete module-record and callback decompiles with 31/33/26/41 and 152/135/117/197 disassemblies; full setter invoker replacement and std function control-block audit; exact UTF16LE raw-byte names arity conversions xorshift refill closure receiver accessor leak target replacement and static lifetime comparison; local line and tests already match; IDBs named commented bookmarked saved; formal build unavailable	No remaining semantic gap in the final root-reachable denominator; formal CMake unit and Web builds remain unavailable in this environment
MP-F01-ROOT-03	DrawDeviceD3D pre-registration dependency root D3DLayerBase full ClassInfo sticky root adaptor D3DLayer and D3DImage factory consumers D3DLayerObjectNativeInstance class-id borrowed-view producer add-remove consumers vtables ownership four-slot re-entry and failure boundaries	emoteplayer.dll -> DrawDeviceD3D.dll	DrawDeviceD3D_PreRegist_dependency_root_guess@0x53101C 49 instructions base factory@0x52D308 image factory@0x52D98C root ctor@0x531274 base setter@0x5322AC add unwrap@0x52B82C remove unwrap@0x52B8B0 borrowed ctor path@0x5333F0	DrawDeviceD3D_PreRegist_dependency_root_guess@0x49516C 47 instructions base factory@0x49361C image factory@0x4939F8 root ctor@0x495618 base setter@0x495F90 add unwrap@0x492CA8 remove unwrap@0x492D00 borrowed ctor path@0x496990	DrawDeviceD3D_PreRegist_dependency_root_guess@0x1002335C8 31 instructions base factory@0x1002317E8 image factory@0x100231BE8 root ctor@0x100233C88 base setter@0x100234964 add unwrap@0x100230D58 remove unwrap@0x100230DBC borrowed ctor path@0x1002355B4	DrawDeviceD3D_PreRegist_dependency_root_guess@0x2323C0 71 instructions base factory@0x230594 image factory@0x2309DC root ctor@0x23295C base setter@0x2336CA add unwrap@0x22FC5E remove unwrap@0x22FC92 borrowed ctor path@0x2342B4	IMPLEMENTED	cpp/plugins/DrawDeviceD3D.cpp:56; cpp/plugins/DrawDeviceD3D.cpp:77; cpp/plugins/DrawDeviceD3D.cpp:101; cpp/plugins/DrawDeviceD3D.cpp:115; cpp/plugins/DrawDeviceD3D.cpp:143; cpp/plugins/DrawDeviceD3D.cpp:161; cpp/plugins/DrawDeviceD3D.cpp:458; cpp/plugins/DrawDeviceD3D.cpp:717; cpp/plugins/DrawDeviceD3D.cpp:744; cpp/plugins/DrawDeviceD3D.cpp:1336; cpp/plugins/DrawDeviceD3D.cpp:1442; cpp/plugins/DrawDeviceD3D.cpp:1833; tests/unit-tests/plugins/motionplayer-dll.cpp:8781; tests/unit-tests/plugins/motionplayer-dll.cpp:9943	analysis/motionplayer_drawdevice_d3d_dependency_root_four_binary_2026-08-27.md; analysis/motionplayer_reconstruction_scope_and_roots_four_binary_2026-08-26.md	fresh four complete root 49/47/31/71 disassemblies; full D3DLayerBase seven-xref six-function closure and borrowed-id four-function closure; complete two five-slot adaptor vtables invalidation destruct sticky borrowed owner and four-native-slot behavior; exact three UTF16LE names; local line and tests already match; IDBs named commented bookmarked saved; formal build unavailable	No remaining semantic gap in the final root-reachable denominator; formal CMake unit and Web builds remain unavailable in this environment
MP-A14-REG-01	Motion class constants subclasses and namespace method registration surface	motionplayer.dll	sub_6D6EE8@0x6D6EE8	sub_5991D0@0x5991D0	sub_100125974@0x100125974	sub_124B7C@0x124B7C	IMPLEMENTED	cpp/plugins/motionplayer/main.cpp:566	analysis/motionplayer_motion_class_registration_surface_four_binary_2026-08-26.md; analysis/motionplayer_coverage_status_reconciliation_2026-08-27.md	fresh registrar/helper decompile + 36 UTF-16 xref verification; stale status reconciled only after the cited downstream body owner container or root closure	No remaining semantic gap in the final root-reachable denominator; formal CMake unit and Web builds remain unavailable in this environment
MP-A09-REG-POINT	Point NCB constructor and member registration surface	motionplayer.dll	Point_ncb_members@0x68E39C	Point_ncb_members@0x56E348	Point_ncb_members@0x1000F079C	Point_ncb_members@0xECA00	IMPLEMENTED	cpp/plugins/motionplayer/main.cpp:127	analysis/motionplayer_geometry_ncb_registration_surface_four_binary_2026-08-26.md; analysis/motionplayer_coverage_status_reconciliation_2026-08-27.md	fresh registrar decompile; all bound bodies closed by linked geometry reports; stale status reconciled only after the cited downstream body owner container or root closure	No remaining semantic gap in the final root-reachable denominator; formal CMake unit and Web builds remain unavailable in this environment
MP-A09-REG-CIRCLE	Circle NCB constructor and member registration surface	motionplayer.dll	Circle_ncb_members@0x68E6E0	Circle_ncb_members@0x56E484	Circle_ncb_members@0x1000F08BC	Circle_ncb_members@0xECADA	IMPLEMENTED	cpp/plugins/motionplayer/main.cpp:134	analysis/motionplayer_geometry_ncb_registration_surface_four_binary_2026-08-26.md; analysis/motionplayer_coverage_status_reconciliation_2026-08-27.md	fresh registrar decompile; all bound bodies closed by linked geometry reports; stale status reconciled only after the cited downstream body owner container or root closure	No remaining semantic gap in the final root-reachable denominator; formal CMake unit and Web builds remain unavailable in this environment
MP-A09-REG-RECT	Rect NCB constructor and member registration surface	motionplayer.dll	Rect_ncb_members@0x68EA84	Rect_ncb_members@0x56E5CC	Rect_ncb_members@0x1000F09F4	Rect_ncb_members@0xECBC8	IMPLEMENTED	cpp/plugins/motionplayer/main.cpp:142	analysis/motionplayer_geometry_ncb_registration_surface_four_binary_2026-08-26.md; analysis/motionplayer_coverage_status_reconciliation_2026-08-27.md	fresh registrar decompile; all bound bodies closed by linked geometry reports; stale status reconciled only after the cited downstream body owner container or root closure	No remaining semantic gap in the final root-reachable denominator; formal CMake unit and Web builds remain unavailable in this environment
MP-A09-REG-QUAD	Quad NCB constructor and member registration surface	motionplayer.dll	Quad_ncb_members@0x68EEB0	Quad_ncb_members@0x56E760	Quad_ncb_members@0x1000F0B7C	Quad_ncb_members@0xECD06	IMPLEMENTED	cpp/plugins/motionplayer/main.cpp:151	analysis/motionplayer_geometry_ncb_registration_surface_four_binary_2026-08-26.md; analysis/motionplayer_coverage_status_reconciliation_2026-08-27.md	fresh registrar decompile; normal bound bodies closed by linked geometry reports; stale status reconciled only after the cited downstream body owner container or root closure	No remaining semantic gap in the final root-reachable denominator; formal CMake unit and Web builds remain unavailable in this environment
MP-B03-GEOMETRY-CONTAINS	Shared Point Circle Rect Quad contains control flow and unordered boundaries	motionplayer.dll	GeometryShape_contains_guess@0x68E1D0	GeometryShape_contains_guess@0x56E1B0	GeometryShape_contains_guess@0x1000F0670	GeometryShape_contains_guess@0xEC8D0	IMPLEMENTED	cpp/plugins/motionplayer/HitTestInternal.h	analysis/motionplayer_geometry_contains_boundary_four_binary_2026-08-26.md	Apple Clang temporary harness passed; formal CMake/unit/differential pending	No remaining semantic gap in the final root-reachable denominator; formal CMake unit and Web builds remain unavailable in this environment
MP-A09-GEOMETRY-SCALARS	Geometry shared type x y r l t w h scalar getter bodies	motionplayer.dll	GeometryShape_getType_guess/PointCircle_getX_guess/...@0x68E628..0x68EE00	GeometryShape_getType_guess/PointCircle_getX_guess/...@0x56E3FA..0x56E6DC	GeometryShape_getType_guess/PointCircle_getX_guess/...@0x1000F08A4..0x1000F0B6C	GeometryShape_getType_guess/PointCircle_getX_guess/...@0xECABE..0xECCF0	IMPLEMENTED	cpp/plugins/motionplayer/SourceCache.h:179	analysis/motionplayer_geometry_scalar_getters_four_binary_2026-08-26.md; analysis/motionplayer_coverage_status_reconciliation_2026-08-27.md	32 fresh leaf decompiles; formal build pending; stale status reconciled only after the cited downstream body owner container or root closure	No remaining semantic gap in the final root-reachable denominator; formal CMake unit and Web builds remain unavailable in this environment
MP-A09-QUAD-P-NORMAL	Quad p four-Dictionary Array construction and normal owner flow	motionplayer.dll	Quad_getP_guess@0x68F0D4	Quad_getP_guess@0x56E7F8	Quad_getP_guess@0x1000F0C5C	Quad_getP_guess@0xECDA4	IMPLEMENTED	cpp/plugins/motionplayer/PlayerLayerQuery.cpp:272; cpp/plugins/motionplayer/RuntimeSupport.cpp:450	analysis/motionplayer_quad_p_array_dictionary_owner_four_binary_2026-08-26.md; analysis/motionplayer_coverage_status_reconciliation_2026-08-27.md	8 fresh decompiles; formal build pending; stale status reconciled only after the cited downstream body owner container or root closure	No remaining semantic gap in the final root-reachable denominator; formal CMake unit and Web builds remain unavailable in this environment
MP-L09-QUAD-P-EH	Quad p setter/append exception cleanup frontiers	motionplayer.dll	ordinary landing@0x68F270..0x68F2B8 plus terminate helper@0x52138C	75-instruction full body and adjacent catalog no local cleanup	17-instruction LSDA cold cleanup@0x1000F0D7C with current Dictionary release outer Array dtor and terminate branch	44-instruction SjLj dispatcher@0xECEDE with current Dictionary release outer Array dtor and terminate states	IMPLEMENTED	cpp/plugins/motionplayer/PlayerLayerQuery.cpp:275	analysis/motionplayer_layergetter_quad_exception_frontiers_four_binary_2026-08-27.md; analysis/motionplayer_quad_p_array_dictionary_owner_four_binary_2026-08-26.md	fresh four full getter bodies plus complete A64 landing iOS LSDA cold and SjLj cleanup; exact x/y prefix Dictionary append outer Array publication destructor-throw and 3-cleanup/1-no-local-landing matrix; IDBs named commented bookmarked saved	No remaining semantic gap in the final root-reachable denominator; formal CMake unit and Web builds remain unavailable in this environment
MP-L09-GEOMETRY-CTORS	Point Circle Rect Quad default constructor dispatch allocation attachment and owner transfer	motionplayer.dll	Point/Circle/Rect/Quad_NCB_ctor_dispatch_guess@0x6DCBC4..0x6DEC88 -> construct@0x6DCC98..0x6DED5C	Point/Circle/Rect/Quad_NCB_ctor_dispatch_guess@0x59D858..0x59F98C -> construct@0x59D8E8..0x59FA1C	Point/Circle/Rect/Quad_NCB_ctor_dispatch_guess@0x10012CF5C..0x10012F904 -> construct@0x10012CFFC..0x10012F9A4	Point/Circle/Rect/Quad_NCB_ctor_dispatch_guess@0x12BA08..0x12E5A8 -> construct@0x12BAD8..0x12E614	IMPLEMENTED	cpp/plugins/motionplayer/main.cpp:127; cpp/plugins/motionplayer/SourceCache.h:171; cpp/plugins/motionplayer/HitTestInternal.h:12	analysis/motionplayer_geometry_default_constructors_four_binary_2026-08-26.md; analysis/motionplayer_coverage_status_reconciliation_2026-08-27.md	32 fresh decompiles + constructor vtable slot audit; formal build pending; stale status reconciled only after the cited downstream body owner container or root closure	No remaining semantic gap in the final root-reachable denominator; formal CMake unit and Web builds remain unavailable in this environment
MP-A10-LAYERGETTER-REG	LayerGetter constructor plus 29 getter-only property registration surface	motionplayer.dll	LayerGetter_ncb_members@0x698730	LayerGetter_ncb_members@0x574628	LayerGetter_ncb_members@0x1000F81AC	LayerGetter_ncb_members@0xF4FF8	IMPLEMENTED	cpp/plugins/motionplayer/main.cpp:164	analysis/motionplayer_layergetter_ncb_surface_and_constructor_four_binary_2026-08-26.md; analysis/motionplayer_coverage_status_reconciliation_2026-08-27.md	four fresh registrar decompiles; A64 787-instruction paged disasm; 116 UTF-16LE key/xref audits; stale status reconciled only after the cited downstream body owner container or root closure	No remaining semantic gap in the final root-reachable denominator; formal CMake unit and Web builds remain unavailable in this environment
MP-L10-LAYERGETTER-CTOR	LayerGetter default facade allocation null initialization adaptor attachment and failure cleanup	motionplayer.dll	LayerGetter_NCB_ctor_dispatch_guess@0x6DFFAC -> LayerGetter_NCB_construct_and_attach_guess@0x6E0080	LayerGetter_NCB_ctor_dispatch_guess@0x5A0BBC -> LayerGetter_NCB_construct_and_attach_guess@0x5A0C4C	LayerGetter_NCB_ctor_dispatch_guess@0x100131274 -> LayerGetter_NCB_construct_and_attach_guess@0x100131314	LayerGetter_NCB_ctor_dispatch_guess@0x13016C -> LayerGetter_NCB_construct_and_attach_guess@0x1301D8	IMPLEMENTED	cpp/plugins/motionplayer/SourceCache.h:237; cpp/plugins/motionplayer/main.cpp:164	analysis/motionplayer_layergetter_ncb_surface_and_constructor_four_binary_2026-08-26.md; analysis/motionplayer_coverage_status_reconciliation_2026-08-27.md	8 fresh constructor decompiles + vtable slot audit; formal build pending; stale status reconciled only after the cited downstream body owner container or root closure	No remaining semantic gap in the final root-reachable denominator; formal CMake unit and Web builds remain unavailable in this environment
MP-A10-LAYERGETTER-SCALARS	LayerGetter type visibility position flip scale angle slant origin and opacity getter bodies	motionplayer.dll	LayerGetter_getType/Visible/..._guess@0x6993F4..0x6996D0	LayerGetter_getType/Visible/..._guess@0x5749DE..0x574BC0	LayerGetter_getType/Visible/..._guess@0x1000F86AC..0x1000F8898	LayerGetter_getType/Visible/..._guess@0xF5408..0xF564C	IMPLEMENTED	cpp/plugins/motionplayer/PlayerLayerQuery.cpp:171	analysis/motionplayer_layergetter_scalar_string_getters_four_binary_2026-08-26.md; analysis/motionplayer_coverage_status_reconciliation_2026-08-27.md	68 fresh scalar decompiles + four angleRad disassemblies and literal-bit audit; formal build pending; stale status reconciled only after the cited downstream body owner container or root closure	No remaining semantic gap in the final root-reachable denominator; formal CMake unit and Web builds remain unavailable in this environment
MP-L10-LAYERGETTER-STRINGS	LayerGetter label and active-slot src ttstr CopyRef owner flow	motionplayer.dll	LayerGetter_getLabel_guess@0x699400; LayerGetter_getSrc_guess@0x699424	LayerGetter_getLabel_guess@0x5749E4; LayerGetter_getSrc_guess@0x574A04	LayerGetter_getLabel_guess@0x1000F86B8; LayerGetter_getSrc_guess@0x1000F86DC	LayerGetter_getLabel_guess@0xF540E; LayerGetter_getSrc_guess@0xF542E	IMPLEMENTED	cpp/plugins/motionplayer/PlayerLayerQuery.cpp:172; cpp/plugins/motionplayer/MotionNode.h:246	analysis/motionplayer_layergetter_scalar_string_getters_four_binary_2026-08-26.md; analysis/motionplayer_motionnode_source_order_four_binary_2026-08-27.md	8 fresh decompiles and complete 9/14 12/15 9/13 12/15 instruction streams; atomic CopyRef audit; leading layerName and active ClipSlot src owner declaration order restored; IDBs commented bookmarked saved; formal build unavailable	No remaining semantic gap in the final root-reachable denominator; formal CMake unit and Web builds remain unavailable in this environment
MP-C10-MOTIONNODE-ORDER	MotionNode source declaration owner order default construction memberwise copy manual raw-owner delete reverse destruction independent LayerGetter visibility bytes live emoteEdit type-tag gates dormant std string and opaque copy-only source members	motionplayer.dll	ctor@0x6EED94 179 tail@0x696770 96 copy@0x6F1A6C 172 dtor@0x6F206C 92	ctor@0x5ACC70 79 tail@0x572A2C 114 copy@0x5AECA0 174 dtor@0x5AF220 50	ctor@0x10014151C 89 tail@0x1000F6580 100 copy@0x10014451C 183 dtor@0x10012A48C 69	ctor@0x1425BC 142 tail@0xF316C 153 copy@0x144FCA 213 dtor@0x1290A6 68	IMPLEMENTED	cpp/plugins/motionplayer/MotionNode.h:218; cpp/plugins/motionplayer/MotionNode.h:246; cpp/plugins/motionplayer/MotionNode.h:276; cpp/plugins/motionplayer/MotionNode.h:287; cpp/plugins/motionplayer/MotionNode.h:388; cpp/plugins/motionplayer/PlayerUpdateLayerEval.cpp:1377; cpp/plugins/motionplayer/PlayerLayerQuery.cpp:172	analysis/motionplayer_motionnode_source_order_four_binary_2026-08-27.md	fresh 16 complete ctor tail copy and dtor decompiles plus 179/96/172/92 79/114/174/50 89/100/183/69 142/153/213/68 full disassemblies all untruncated; complete owner reorder; leading label frame source slots dormant std string child emote mesh vectors particle owners emitter target stencil owners restored; early matrix split from 0x50 accumulated block; 64-byte and 4-byte real source members implemented as uninitialized copy-only opaque records; IDBs commented bookmarked saved; formal build unavailable	No remaining observable semantic gap; the original names and semantic types of two never-consumed opaque records are irreducible from stripped binaries and are not fabricated; formal build unavailable
MP-A10-LAYERGETTER-ARRAYS	LayerGetter coord mtx color and bezierPatch Array construction and element conversion	motionplayer.dll	LayerGetter_getCoord/Mtx/Color/BezierPatch_guess@0x6994B0..0x699D90	LayerGetter_getCoord/Mtx/Color/BezierPatch_guess@0x574A7C..0x574E80	LayerGetter_getCoord/Mtx/Color/BezierPatch_guess@0x1000F8764..0x1000F8B80	LayerGetter_getCoord/Mtx/Color/BezierPatch_guess@0xF54A4..0xF5A14	IMPLEMENTED	cpp/plugins/motionplayer/PlayerLayerQuery.cpp:186	analysis/motionplayer_layergetter_array_container_getters_four_binary_2026-08-26.md; analysis/motionplayer_coverage_status_reconciliation_2026-08-27.md	16 fresh getter decompiles + scalar append/grow helper audits; formal build pending; stale status reconciled only after the cited downstream body owner container or root closure	No remaining semantic gap in the final root-reachable denominator; formal CMake unit and Web builds remain unavailable in this environment
MP-C10-TJS-ARRAY-ITEMS	TJS Array native Items segmented deque append and block growth implementation	motionplayer.dll	20-byte Variant; 25-element/500-byte libstdc++ block	12-byte Variant; 42-element/504-byte libstdc++ block	20-byte Variant; 204-element libc++ block and absolute start/size	12-byte Variant; 341-element libc++ block and absolute start/size	IMPLEMENTED	cpp/core/tjs2/tjsArray.cpp; cpp/plugins/motionplayer/RuntimeSupport.cpp	analysis/motionplayer_tjs_array_dictionary_exception_frontiers_four_binary_2026-08-27.md; analysis/motionplayer_layergetter_array_container_getters_four_binary_2026-08-26.md	fresh four-target scalar/String append and full reserve helpers; exact libstdc++ map-before-block commit and libc++ split-buffer staging; arm64 iOS 20-instruction LSDA cold and armv7 iOS 41-instruction SjLj temp-map/new-block cleanup; IDBs named commented bookmarked saved	No remaining semantic gap in the final root-reachable denominator; formal CMake unit and Web builds remain unavailable in this environment
MP-L10-LAYERGETTER-VTX	LayerGetter vtx four-Dictionary Array construction hints and owner flow	motionplayer.dll	LayerGetter_getVtx_guess@0x699894	LayerGetter_getVtx_guess@0x574C44	LayerGetter_getVtx_guess@0x1000F893C	LayerGetter_getVtx_guess@0xF5744	IMPLEMENTED	cpp/plugins/motionplayer/PlayerLayerQuery.cpp:223	analysis/motionplayer_layergetter_vtx_dictionary_owner_four_binary_2026-08-26.md; analysis/motionplayer_coverage_status_reconciliation_2026-08-27.md	four fresh getter decompiles cross-checked with Quad.p owner path; formal build pending; stale status reconciled only after the cited downstream body owner container or root closure	No remaining semantic gap in the final root-reachable denominator; formal CMake unit and Web builds remain unavailable in this environment
MP-L10-LAYERGETTER-SHAPE	LayerGetter shape full HitData copy class dispatch publication adaptor ownership and failure leaks	motionplayer.dll	LayerGetter_getShape_guess@0x699F28 -> combined builder/adaptors@0x68F2C0 with per-class local-Variant landing	LayerGetter_getShape_guess@0x574F34 -> builder@0x56E914 -> four 82-instruction adaptors with no local cleanup	LayerGetter_getShape_guess@0x1000F8C60 cold@0x1000F8CD4 -> builder@0x1000F0DC4 -> four adaptor cold cleanups	LayerGetter_getShape_guess@0xF5B38 cleanup@0xF5BE2 -> builder@0xECF54 -> four adaptor SjLj cleanups	IMPLEMENTED	cpp/plugins/motionplayer/PlayerLayerQuery.cpp:57; cpp/plugins/motionplayer/PlayerLayerQuery.cpp:263	analysis/motionplayer_layergetter_quad_exception_frontiers_four_binary_2026-08-27.md; analysis/motionplayer_layergetter_shape_motion_particle_lifetime_four_binary_2026-08-26.md	fresh four getters/builders all class-specific adaptor bodies and 10 iOS cleanup functions; exact native copy allocation tail-call CreateNew Void-Variant cleanup and common native/global-ref leak; wrapper publication cleanup; IDBs named commented bookmarked saved	No remaining semantic gap in the final root-reachable denominator; formal CMake unit and Web builds remain unavailable in this environment
MP-L10-LAYERGETTER-MOTION-PARTICLE	LayerGetter node-type gated persistent motion and particle Variant CopyRef	motionplayer.dll	LayerGetter_getMotion/Particle_guess@0x699FB0/0x699FD4	LayerGetter_getMotion/Particle_guess@0x574F7E/0x574F9A	LayerGetter_getMotion/Particle_guess@0x1000F8CE8/0x1000F8D0C	LayerGetter_getMotion/Particle_guess@0xF5C0C/0xF5C28	IMPLEMENTED	cpp/plugins/motionplayer/PlayerLayerQuery.cpp:264	analysis/motionplayer_layergetter_shape_motion_particle_lifetime_four_binary_2026-08-26.md; analysis/motionplayer_coverage_status_reconciliation_2026-08-27.md	8 fresh getter/helper decompiles; full Variant type-dependent owner audit; stale status reconciled only after the cited downstream body owner container or root closure	No remaining semantic gap in the final root-reachable denominator; formal CMake unit and Web builds remain unavailable in this environment
MP-L10-LAYERGETTER-ARRAY-EH	LayerGetter Array/Dictionary getter exact per-call-site unwind cleanup	motionplayer.dll	coord mtx color bezier landing destroys Array; vtx ordinary landing releases current Dictionary then Array; terminate helper	five complete bodies and adjacent catalog no local cleanup	five adjacent LSDA cold cleanups@0x1000F87D8/0x1000F8928/0x1000F8B5C/0x1000F8C48/0x1000F8A68	five SjLj cleanups@0xF555A/0xF5716/0xF59DC/0xF5B06/0xF5888	IMPLEMENTED	cpp/plugins/motionplayer/PlayerLayerQuery.cpp:189	analysis/motionplayer_layergetter_quad_exception_frontiers_four_binary_2026-08-27.md; analysis/motionplayer_layergetter_array_container_getters_four_binary_2026-08-26.md; analysis/motionplayer_layergetter_vtx_dictionary_owner_four_binary_2026-08-26.md	fresh 20 complete getter bodies plus A64 landing five arm64 iOS LSDA cold and five armv7 iOS SjLj cleanups; exact append SetValue current accessor outer Array destructor-throw and no-result-publication edges; target 3/1 matrix; IDBs saved	No remaining semantic gap in the final root-reachable denominator; formal CMake unit and Web builds remain unavailable in this environment
MP-D10-LAYERGETTER-ONE	Player getLayerGetter raw-label resolve facade construction and object publication	motionplayer.dll	Player_getLayerGetter_guess@0x6D0CD4	Player_getLayerGetter_guess@0x595EF4	Player_getLayerGetter_guess@0x100121D64	Player_getLayerGetter_guess@0x120B2C	IMPLEMENTED	cpp/plugins/motionplayer/PlayerLayerQuery.cpp:706	analysis/motionplayer_layergetter_player_producers_and_borrowed_lifetime_four_binary_2026-08-26.md; analysis/motionplayer_coverage_status_reconciliation_2026-08-27.md	four fresh producer decompiles + registrar UTF-16/callback audit; stale status reconciled only after the cited downstream body owner container or root closure	No remaining semantic gap in the final root-reachable denominator; formal CMake unit and Web builds remain unavailable in this environment
MP-D10-LAYERGETTER-LIST	Player getLayerGetterList live flat-deque iteration root exclusion Void failure elements and fresh Array	motionplayer.dll	Player_getLayerGetterList_guess@0x6D2368	Player_getLayerGetterList_guess@0x596CD4	Player_getLayerGetterList_guess@0x100122DC0	Player_getLayerGetterList_guess@0x121E18	IMPLEMENTED	cpp/plugins/motionplayer/PlayerLayerQuery.cpp:714	analysis/motionplayer_layergetter_player_producers_and_borrowed_lifetime_four_binary_2026-08-26.md; analysis/motionplayer_coverage_status_reconciliation_2026-08-27.md	four fresh producer decompiles + per-ABI deque indexing audit; stale status reconciled only after the cited downstream body owner container or root closure	No remaining semantic gap in the final root-reachable denominator; formal CMake unit and Web builds remain unavailable in this environment
MP-D10-RAW-LABEL-RESOLVE	Player raw-label map lookup unchecked deque index recursive child-particle fallback and complete build update getter motion and dual-facade caller closure	motionplayer.dll	Player_findNodeByRawLabel_guess@0x6B2EB8 80 instructions 5 direct xrefs plus five false-call inline users getLayerMotion@0x6D0D78 recursive visitor@0x6EF6EC hit-test@0x530F3C	Player_findNodeByRawLabel_guess@0x58220C 69 instructions 9 direct xrefs getLayerMotion@0x595F74 recursive visitor@0x5AD280 D3D wrapper@0x4950F0	Player_findNodeByRawLabel_guess@0x100109EEC 69 instructions 9 direct xrefs getLayerMotion@0x100121E38 recursive visitor@0x100141B54 D3D wrapper@0x100233558	Player_findNodeByRawLabel_guess@0x10777C 102 instructions 9 direct xrefs getLayerMotion@0x120C2C recursive visitor@0x142B6A D3D wrapper@0x2322EC	IMPLEMENTED	cpp/plugins/motionplayer/PlayerLayerQuery.cpp:682; cpp/plugins/motionplayer/PlayerLayerQuery.cpp:701; cpp/plugins/motionplayer/PlayerLayerQuery.cpp:716; cpp/plugins/motionplayer/PlayerLayerQuery.cpp:769; cpp/plugins/motionplayer/NodeTree.cpp:319; cpp/plugins/motionplayer/PlayerUpdateGeometry.cpp:39; cpp/plugins/motionplayer/PlayerUpdateGeometry.cpp:553; cpp/plugins/motionplayer/PlayerUpdateChildMotion.cpp:255; cpp/plugins/motionplayer/PlayerUpdateParticles.cpp:214; cpp/plugins/motionplayer/EmotePlayer.cpp:493; cpp/plugins/motionplayer/EmotePlayer.cpp:552	analysis/motionplayer_raw_label_resolver_caller_closure_four_binary_2026-08-27.md; analysis/motionplayer_layergetter_player_producers_and_borrowed_lifetime_four_binary_2026-08-26.md	fresh four full resolver 80/69/69/102 disassemblies all cursors done and 5/9/9/9 complete xrefs; fresh getLayerMotion recursive visitor hit-test shared Emote contains and D3D wrapper bodies; exact five recursive-false inline/direct and recursive-true owner/Variant boundaries cross-linked to implemented caller slices; local already matches; IDBs named commented bookmarked saved; formal build unavailable	No remaining semantic gap in the final root-reachable denominator; formal CMake unit and Web builds remain unavailable in this environment
MP-C10-PLAYER-NODE-DEQUE	Player flat MotionNode deque element stride block capacity and live-end iteration	motionplayer.dll	2632-byte node; libstdc++ one node per block	2272-byte node; libstdc++ one node per block	2648-byte node; libc++ 16 nodes per block	2228-byte node; libc++ 16 nodes per block	IMPLEMENTED	cpp/plugins/motionplayer/Player.h; cpp/plugins/motionplayer/MotionNode.h	analysis/motionplayer_layergetter_player_producers_and_borrowed_lifetime_four_binary_2026-08-26.md; analysis/motionplayer_coverage_status_reconciliation_2026-08-27.md	getLayerGetterList and recursive traversal addressing formulas fresh-decompiled; stale status reconciled only after the cited downstream body owner container or root closure	No remaining semantic gap in the final root-reachable denominator; formal CMake unit and Web builds remain unavailable in this environment
MP-L10-LAYERGETTER-BORROW	LayerGetter adaptor owns facade while facade borrows MotionNode with no Player/index/generation owner	motionplayer.dll	LayerGetter_CreateAdaptor_guess@0x6F2B1C	LayerGetter_CreateAdaptor_guess@0x5AFB24	LayerGetter_CreateAdaptor_guess@0x1001452D0	LayerGetter_CreateAdaptor_guess@0x145B88	IMPLEMENTED	cpp/plugins/motionplayer/SourceCache.h:234; cpp/plugins/motionplayer/PlayerLayerQuery.cpp:101	analysis/motionplayer_layergetter_player_producers_and_borrowed_lifetime_four_binary_2026-08-26.md; analysis/motionplayer_coverage_status_reconciliation_2026-08-27.md	four fresh CreateAdaptor decompiles + constructor/getter owner closure; stale status reconciled only after the cited downstream body owner container or root closure	No remaining semantic gap in the final root-reachable denominator; formal CMake unit and Web builds remain unavailable in this environment
MP-L10-LAYERGETTER-PRODUCER-EH	LayerGetter producer allocation CreateNew Array append exception cleanup frontiers	motionplayer.dll	single wrapper landing plus list current-element/outer-Array landing and CreateAdaptor Void-Variant landing	complete single/list/wrapper/adaptor bodies no local cleanup	wrapper cold@0x100121E24 list cold@0x100122E8C adaptor cold@0x1001453E0	wrapper SjLj@0x120C02 list SjLj@0x121F0E adaptor SjLj@0x145CB0	IMPLEMENTED	cpp/plugins/motionplayer/PlayerLayerQuery.cpp:101; cpp/plugins/motionplayer/PlayerLayerQuery.cpp:716	analysis/motionplayer_layergetter_quad_exception_frontiers_four_binary_2026-08-27.md; analysis/motionplayer_layergetter_player_producers_and_borrowed_lifetime_four_binary_2026-08-26.md	fresh four single/list/adaptor and three wrapper bodies plus A64 landings iOS LSDA/SjLj cleanups; exact raw facade allocation CreateNew/global-ref leak current element outer Array publication and 3/1 target matrix; IDBs saved	No remaining semantic gap in the final root-reachable denominator; formal CMake unit and Web builds remain unavailable in this environment
MP-A11-PLAYER-REG	Player constructor plus exact 92-member NCB registration surface	motionplayer.dll	Player_ncb_members@0x6D3DA8	Player_ncb_members@0x597EC8	Player_ncb_members@0x1001244F8	Player_ncb_members@0x123848	IMPLEMENTED	cpp/plugins/motionplayer/main.cpp:276	analysis/motionplayer_player_ncb_surface_and_constructor_four_binary_2026-08-26.md; analysis/motionplayer_player_ncb_surface.tsv; analysis/motionplayer_coverage_status_reconciliation_2026-08-27.md	four fresh registrar decompiles; A64 2578-instruction paged disasm; 368 UTF-16LE name/xref audits; 92-row callback table; stale status reconciled only after the cited downstream body owner container or root closure	No remaining semantic gap in the final root-reachable denominator; formal CMake unit and Web builds remain unavailable in this environment
MP-L11-PLAYER-CTOR	Player one-Variant NCB constructor sentinel CopyRef allocation attachment and failure cleanup	motionplayer.dll	Player_ncb_ctor_dispatch@0x6F3FB0 -> Player_ncb_ctor_materialize_and_attach@0x6F4088	Player_ncb_ctor_dispatch@0x5B0798 -> Player_ncb_ctor_materialize_and_attach@0x5B0828	Player_ncb_ctor_dispatch@0x100146384 -> Player_ncb_ctor_materialize_and_attach@0x100146428	Player_ncb_ctor_dispatch@0x1468E4 -> Player_ncb_ctor_materialize_and_attach@0x146950	IMPLEMENTED	cpp/plugins/motionplayer/main.cpp:281; cpp/plugins/motionplayer/PlayerCore.cpp:115	analysis/motionplayer_player_ncb_surface_and_constructor_four_binary_2026-08-26.md; analysis/motionplayer_coverage_status_reconciliation_2026-08-27.md	four descriptor-vtable slot audits + factory/dispatch/materializer/attach/native-ctor fresh decompiles; stale status reconciled only after the cited downstream body owner container or root closure	No remaining semantic gap in the final root-reachable denominator; formal CMake unit and Web builds remain unavailable in this environment
MP-C11-PLAYER-REG-TAIL	Player registrar one-time 4x4 Bezier grid population and ARM+NEON evaluator promotion	motionplayer.dll	inline tail@0x6D64A8..0x6D6648	inline tail@0x598856..0x5988D2	inline tail@0x100125320..0x1001253C0	inline tail@0x124550..0x1245EE	IMPLEMENTED	cpp/plugins/motionplayer/main.cpp:394	analysis/motionplayer_player_ncb_surface_and_constructor_four_binary_2026-08-26.md; analysis/motionplayer_coverage_status_reconciliation_2026-08-27.md	four fresh registrar tails + A64 full paged disasm; stale status reconciled only after the cited downstream body owner container or root closure	No remaining semantic gap in the final root-reachable denominator; formal CMake unit and Web builds remain unavailable in this environment
MP-A11-PLAYER-DIRECT-14-20	Player completionType preview priorDraw outsideFactor meshDivisionRatio speed and syncActive direct getter/setter bodies	motionplayer.dll	Player_get/set*_guess@0x6D6A04..0x6D6A74	Player_get/set*_guess@0x598E5E..0x598EC4	Player_get/set*_guess@0x100125550..0x1001255B8	Player_get/set*_guess@0x124756..0x1247BC	IMPLEMENTED	cpp/plugins/motionplayer/Player.h:128; cpp/plugins/motionplayer/Player.h:159; cpp/plugins/motionplayer/Player.h:191; cpp/plugins/motionplayer/Player.h:216; cpp/plugins/motionplayer/Player.h:245; cpp/plugins/motionplayer/Player.h:301; cpp/plugins/motionplayer/PlayerCore.cpp:330	analysis/motionplayer_player_direct_scalar_properties_14_20_four_binary_2026-08-26.md; analysis/motionplayer_coverage_status_reconciliation_2026-08-27.md	56 fresh leaf decompiles + exact signatures/field offsets + four constructor-default audits; formal build pending; stale status reconciled only after the cited downstream body owner container or root closure	No remaining semantic gap in the final root-reachable denominator; formal CMake unit and Web builds remain unavailable in this environment
MP-A11-PLAYER-DIRECT-STATE	Player cameraActive stereovisionActive maskMode cameraFOV cameraAlive playing syncWaiting frameLastTime and frameLoopTime direct bodies	motionplayer.dll	Player_get/set*_guess@0x6D6AE8..0x6D6B8C	Player_get/set*_guess@0x598F72..0x599000	Player_get/set*_guess@0x100125628..0x1001256E0	Player_get/set*_guess@0x124856..0x124902	IMPLEMENTED	cpp/plugins/motionplayer/Player.h:164; cpp/plugins/motionplayer/Player.h:185; cpp/plugins/motionplayer/Player.h:189; cpp/plugins/motionplayer/Player.h:203; cpp/plugins/motionplayer/Player.h:206; cpp/plugins/motionplayer/Player.h:282; cpp/plugins/motionplayer/Player.h:298; cpp/plugins/motionplayer/PlayerCore.cpp:85; cpp/plugins/motionplayer/PlayerCore.cpp:211	analysis/motionplayer_player_direct_state_time_properties_four_binary_2026-08-26.md	48 fresh leaf decompiles + exact signatures/field offsets; existing playing/allplaying unit boundary; formal build unavailable	No remaining semantic gap in the final root-reachable denominator; formal CMake unit and Web builds remain unavailable in this environment
MP-A11-PLAYER-STATIC-DEFAULTS	Player class-static defaultSyncActive/defaultTransformOrder plus per-instance useD3D/pixelateDivision	motionplayer.dll	Player_get/setDefault*@0x6D67D8/0x6D67E4/0x6ADD5C/0x6ADE94; useD3D/pixelate@0x6931C0..0x6D6D14	Player_get/setDefault*@0x598D24/0x598D30/0x57F4B8/0x57F54C; useD3D/pixelate@0x570F4C..0x5990AA	Player_get/setDefault*@0x100125430/0x10012543C/0x100106564/0x1001066A8; useD3D/pixelate@0x1000F4090..0x100125888	Player_get/setDefault*@0x124626/0x124634/0x103918/0x103A84; useD3D/pixelate@0xF0BDC..0x124AD8	IMPLEMENTED	cpp/plugins/motionplayer/Player.h:255; cpp/plugins/motionplayer/Player.h:336; cpp/plugins/motionplayer/Player.h:495; cpp/plugins/motionplayer/PlayerCore.cpp:837; tests/unit-tests/plugins/motionplayer-dll.cpp:65	analysis/motionplayer_player_class_defaults_and_render_flags_four_binary_2026-08-26.md	32 fresh callback decompiles + static descriptor trait audit + four global initial-value reads + 8 UTF-16 error-string xrefs; compile-time structure assertions added; formal build unavailable	No remaining semantic gap in the final root-reachable denominator; formal CMake unit and Web builds remain unavailable in this environment
MP-A11-PLAYER-TIME	Player lastTime loopTime tickCount and frameTickCount conversions shared cursor transition and flag publication	motionplayer.dll	Player_get/set*@0x6D6800/0x6D6828/0x6D6A80/0x6D6AA0/0x6D6AE0/0x6BE2D4	Player_get/set*@0x598D50/0x598D88/0x598ED0/0x598F00/0x598F68/0x58A490	Player_get/set*@0x100125454/0x10012547C/0x1001255C0/0x1001255E0/0x100125620/0x1001138E8	Player_get/set*@0x124650/0x124684/0x1247C4/0x1247F0/0x12484C/0x1112EC	IMPLEMENTED	cpp/plugins/motionplayer/Player.h:220; cpp/plugins/motionplayer/Player.h:233; cpp/plugins/motionplayer/Player.h:247; cpp/plugins/motionplayer/Player.h:534; tests/unit-tests/plugins/motionplayer-dll.cpp:17084	analysis/motionplayer_player_time_properties_four_binary_2026-08-26.md; analysis/motionplayer_coverage_status_reconciliation_2026-08-27.md	24 fresh callback decompiles + A64 setter disasm + five recovered A32 Thumb functions; extensive existing unit boundaries; formal build unavailable; stale status reconciled only after the cited downstream body owner container or root closure	No remaining semantic gap in the final root-reachable denominator; formal CMake unit and Web builds remain unavailable in this environment
MP-B11-PLAYER-CURSOR-FP	Player cursor lower-clamp machine-level FMAX versus ordered-compare floating boundary	motionplayer.dll	AArch64 FMAX@0x6D6AC4/0x6BE2DC	ARMv7 VCMPE+MI@0x598F18..0x598F26/0x58A49C..0x58A4A6	AArch64 FMAX@0x1001255FC/0x1001138EC	ARMv7 VCMPE+MI@0x12480C..0x124816/0x1112F8..0x111302	PLATFORM_BOUNDARY	cpp/plugins/motionplayer/Player.h:534; tests/unit-tests/plugins/motionplayer-dll.cpp:17169	analysis/motionplayer_player_time_properties_four_binary_2026-08-26.md	four exact setter disassemblies + ordered/unordered ARM flag audit	If bit-exact AArch64 FPCR NaN payload/signed-zero emulation is required add an explicit platform boundary layer; do not alter common source shape
MP-A11-PLAYER-ROOT-COORD-ANGLE	Player angleDeg angleRad setCoord x y left top root-transform callbacks and exact conversion literals	motionplayer.dll	Player_get/set*@0x6BE364/0x6BEB60/0x6CA3D8..0x6CA548/0x6D6C88/0x6D6C94	Player_get/set*@0x58A540/0x58AB30/0x592620..0x592720/0x59900A/0x59901C	Player_get/set*@0x1001139C8/0x10011408C/0x10011D060..0x10011D250/0x1001256E8/0x100125710	Player_get/set*@0x1113DC/0x111ABC/0x11BA0C..0x11BBE8/0x12490C/0x12493C	IMPLEMENTED	cpp/plugins/motionplayer/PlayerCore.cpp:53; cpp/plugins/motionplayer/PlayerCore.cpp:271; cpp/plugins/motionplayer/PlayerCore.cpp:286; cpp/plugins/motionplayer/PlayerCore.cpp:316; tests/unit-tests/plugins/motionplayer-dll.cpp:17335	analysis/motionplayer_player_root_coord_angle_four_binary_2026-08-26.md	36 fresh callback decompiles + 8 exact constant disassemblies/raw u64 reads + recovered A32 Y setter; bit-exact conversion test added; formal build unavailable	No remaining semantic gap in the final root-reachable denominator; formal CMake unit and Web builds remain unavailable in this environment
MP-A11-PLAYER-ROOT-FLAGS	Player setFlip flipX flipY setOpacity opacity setVisible visible setSlant slantX slantY setZoom zoomX zoomY root-delta bodies	motionplayer.dll	Player_get/set*@0x6BE2FC..0x6D6CF4	Player_get/set*@0x58A4D8..0x59909C	Player_get/set*@0x100113910..0x100125874	Player_get/set*@0x111326..0x124ACA	IMPLEMENTED	cpp/plugins/motionplayer/PlayerLayerQuery.cpp:289	analysis/motionplayer_player_root_flip_opacity_visible_slant_zoom_four_binary_2026-08-26.md; analysis/motionplayer_coverage_status_reconciliation_2026-08-27.md	76 fresh callback decompiles across two subgroups + three recovered A32 Thumb functions + exact field/alias audit; formal build unavailable; stale status reconciled only after the cited downstream body owner container or root closure	No remaining semantic gap in the final root-reachable denominator; formal CMake unit and Web builds remain unavailable in this environment
MP-D11-PLAYER-COLOR-INDEPENDENT-Z	Player colorWeight byte-swap independentLayerInherit dirty-without-store recursive zFactor propagation and exact shared-child-visitor capture allocation normal destruction and target EH frontiers	motionplayer.dll	Player_get/set*@0x6CAAF0/0x6CAB04/0x6D6B48/0x6C9DB4/0x6D6B5C/0x6B1D6C capture manager@0x6F0F84 cleanup@0x6B1E20	Player_get/set*@0x5928F4/0x59290C/0x598FC2/0x5921E8/0x598FD0/0x5817B4 capture manager@0x5AE598 no local landing	Player_get/set*@0x10011D4E4/0x10011D4F8/0x100125680/0x10011CB18/0x1001256B0/0x100109198 SBO vtable@0x1019ADBB8 LSDA cold cleanup@0x100109268	Player_get/set*@0x11BE94/0x11BEAC/0x1248A6/0x11B498/0x1248D2/0x1069C4 SBO vtable@0x1777774 cleanup@0x106ACC	IMPLEMENTED	cpp/plugins/motionplayer/PlayerCore.cpp:38; cpp/plugins/motionplayer/PlayerCore.cpp:78; cpp/plugins/motionplayer/PlayerCore.cpp:96; cpp/plugins/motionplayer/PlayerLayerQuery.cpp:629; cpp/plugins/motionplayer/PlayerLayerQuery.cpp:651; tests/unit-tests/plugins/motionplayer-dll.cpp:13940; tests/unit-tests/plugins/motionplayer-dll.cpp:28988; tests/unit-tests/plugins/motionplayer-dll.cpp:30173	analysis/motionplayer_player_child_visitor_exception_frontiers_four_binary_2026-08-27.md; analysis/motionplayer_player_color_independent_zfactor_four_binary_2026-08-26.md	fresh four complete setZ 56/48/51/89 bodies plus Android managers libc++ vtables 14-instruction arm64 iOS LSDA cold cleanup and 21-instruction armv7 iOS SjLj cleanup; exact allocation-after-local-commit normal destroy partial child commit and 3-cleanup/1-no-local-landing matrix; local common RAII source matches; IDBs named commented bookmarked saved; formal build unavailable	No remaining semantic gap in the final root-reachable denominator; formal CMake unit and Web builds remain unavailable in this environment
MP-L11-PLAYER-VARIANT-OWNERS	Player resourceManager tags motionKey/project outline and meshline persistent Variant CopyRef/assignment owners	motionplayer.dll	Player_get/set*@0x692FC0/0x6B1D58/0x6D67F4/0x6D69F8/0x6D6B10..0x6D6B30	Player_get/set*@0x570E6C/0x5817A4/0x598D3C/0x598E50/0x598F8A..0x598FAE	Player_get/set*@0x1000F3D84/0x100109168/0x100125448/0x100125544/0x100125648..0x100125668	Player_get/set*@0xF06F8/0x106994/0x124642/0x124748/0x12486E..0x124892	IMPLEMENTED	cpp/plugins/motionplayer/Player.h:137; cpp/plugins/motionplayer/Player.h:280; cpp/plugins/motionplayer/Player.h:307; cpp/plugins/motionplayer/Player.h:324; cpp/plugins/motionplayer/Player.h:329; tests/unit-tests/plugins/motionplayer-dll.cpp:16338; tests/unit-tests/plugins/motionplayer-dll.cpp:16453; tests/unit-tests/plugins/motionplayer-dll.cpp:16542	analysis/motionplayer_player_persistent_variant_owners_four_binary_2026-08-26.md; analysis/motionplayer_coverage_status_reconciliation_2026-08-27.md	32 fresh callback decompiles + per-ABI Variant field-coordinate and alias audit; existing lifetime tests; formal build unavailable; stale status reconciled only after the cited downstream body owner container or root closure	No remaining semantic gap in the final root-reachable denominator; formal CMake unit and Web builds remain unavailable in this environment
MP-A11-PLAYER-TRANSFORM-ORDER	Player instance transformOrder fresh Array missing-fetch-zero partial writes conditional dirty and coordinate direct field	motionplayer.dll	Player_get/setTransformOrder@0x6C9568/0x6C96A4; coordinate@0x6D6B50/0x6B1D60	Player_get/setTransformOrder@0x591F98/0x59202C; coordinate@0x598FC8/0x5817AC	Player_get/setTransformOrder@0x10011C83C/0x10011C8E8; coordinate@0x100125688/0x100109170	Player_get/setTransformOrder@0x11B0A0/0x11B194; coordinate@0x1248AC/0x10699C	IMPLEMENTED	cpp/plugins/motionplayer/PlayerCore.cpp:820; cpp/plugins/motionplayer/PlayerCore.cpp:849; cpp/plugins/motionplayer/Player.h:490; tests/unit-tests/plugins/motionplayer-dll.cpp:17352	analysis/motionplayer_player_transform_order_coordinate_four_binary_2026-08-26.md; analysis/motionplayer_coverage_status_reconciliation_2026-08-27.md	16 fresh callback decompiles + static/instance setter differential + new missing-zero/partial-write test; formal build unavailable; stale status reconciled only after the cited downstream body owner container or root closure	No remaining semantic gap in the final root-reachable denominator; formal CMake unit and Web builds remain unavailable in this environment
MP-A11-PLAYER-CAMERA-VECTORS	Player cameraTarget and cameraPosition fresh three-Real Arrays X/Y/Z order and ungated retained fields	motionplayer.dll	Player_getCameraTarget@0x6C9AF4; Player_getCameraPosition@0x6C9C54	Player_getCameraTarget@0x592100; Player_getCameraPosition@0x592174	Player_getCameraTarget@0x10011CA20; Player_getCameraPosition@0x10011CA9C	Player_getCameraTarget@0x11B2E8; Player_getCameraPosition@0x11B3C0	IMPLEMENTED	cpp/plugins/motionplayer/PlayerLayerQuery.cpp:736; tests/unit-tests/plugins/motionplayer-dll.cpp:30689	analysis/motionplayer_tjs_array_dictionary_exception_frontiers_four_binary_2026-08-27.md; analysis/motionplayer_player_camera_vectors_four_binary_2026-08-26.md	fresh eight complete getter disassemblies plus full append/reserve helpers; arm64 Android landing arm64 iOS LSDA cold and armv7 iOS SjLj destroy local Array; Android armv7 has no local cleanup; no partial result publication	No remaining semantic gap in the final root-reachable denominator; formal CMake unit and Web builds remain unavailable in this environment
MP-A11-PLAYER-BOUNDS	Player bounds fresh Dictionary ordered seven-key vs unordered one-key publication and sign-special classifier	motionplayer.dll	Player_getBounds@0x6C9E64; classifier@0xA0C7A0	Player_getBounds@0x59226C; classifier@0x75F618	Player_getBounds@0x10011CBD4; classifier@0x1002583C4	Player_getBounds@0x11B53C; classifier@0x259750	IMPLEMENTED	cpp/plugins/motionplayer/PlayerCore.cpp:318; tests/unit-tests/plugins/motionplayer-dll.cpp:13374	analysis/motionplayer_tjs_array_dictionary_exception_frontiers_four_binary_2026-08-27.md; analysis/motionplayer_player_bounds_getter_four_binary_2026-08-26.md	fresh four complete getter streams classifiers and adjacent iOS cold functions; exact SetValue prefix-commit and no-result-publication boundary; arm64 Android landing arm64 iOS LSDA cold and armv7 iOS SjLj ordinary cases Release Dictionary while destructor-throw paths terminate; Android armv7 no local cleanup	No remaining semantic gap in the final root-reachable denominator; formal CMake unit and Web builds remain unavailable in this environment
MP-D11-PLAYER-ALLPLAYING	Player allplaying root-excluding type-3 borrowed-child depth-first recursion local-last and malformed boundaries	motionplayer.dll	Player_getAllplaying@0x6CA214	Player_getAllplaying@0x5924EC	Player_getAllplaying@0x10011CEA4	Player_getAllplaying@0x11B8C4	IMPLEMENTED	cpp/plugins/motionplayer/PlayerCore.cpp:220; cpp/plugins/motionplayer/MotionNodeBridge.cpp:26; tests/unit-tests/plugins/motionplayer-dll.cpp:23851	analysis/motionplayer_player_allplaying_hascamera_four_binary_2026-08-26.md	four fresh callback decompiles/disassemblies + exact stride/field/borrow audit; removed non-reference diagnostic logging; existing recursion/malformed tests; formal build unavailable	No remaining implementable semantic gap; the exact wrong-native null dereference is an intentionally unexercised process-crash boundary; formal build unavailable
MP-C11-PLAYER-HASCAMERA	Player hasCamera complete live flat-deque type-5 structural scan including synthetic root	motionplayer.dll	Player_getHasCamera@0x6CA378	Player_getHasCamera@0x5925E0	Player_getHasCamera@0x10011CFA8	Player_getHasCamera@0x11B972	IMPLEMENTED	cpp/plugins/motionplayer/PlayerLayerQuery.cpp:742; tests/unit-tests/plugins/motionplayer-dll.cpp:30689	analysis/motionplayer_player_allplaying_hascamera_four_binary_2026-08-26.md; analysis/motionplayer_coverage_status_reconciliation_2026-08-27.md	four fresh callback decompiles/disassemblies + libstdc++/libc++ deque iterator audit + existing inactive-node structural test; formal build unavailable; stale status reconciled only after the cited downstream body owner container or root closure	No remaining semantic gap in the final root-reachable denominator; formal CMake unit and Web builds remain unavailable in this environment
MP-C11-PLAYER-VARIABLE-KEYS	Player variableKeys fresh Array physical scope-deque order String CopyRefs duplicates and empty keys	motionplayer.dll	Player_getVariableKeys@0x6CE77C	Player_getVariableKeys@0x5948D0	Player_getVariableKeys@0x1001200B4	Player_getVariableKeys@0x11EDC0	IMPLEMENTED	cpp/plugins/motionplayer/PlayerCore.cpp:713; tests/unit-tests/plugins/motionplayer-dll.cpp:12351	analysis/motionplayer_tjs_array_dictionary_exception_frontiers_four_binary_2026-08-27.md; analysis/motionplayer_player_variable_keys_four_binary_2026-08-26.md	fresh four complete getter streams plus String append/reserve helpers; exact prefix Items and no-result-publication boundary; arm64 Android landing arm64 iOS LSDA cold and armv7 iOS SjLj destroy local Array; Android armv7 no local cleanup	No remaining semantic gap in the final root-reachable denominator; formal CMake unit and Web builds remain unavailable in this environment
MP-L11-PLAYER-CHARA-PROPS	Player chara and stealthChara ttstr CopyRef getters flags coordinator pending owner and value-gated live invalidation	motionplayer.dll	get/set@0x6D6850/0x6BE27C; stealth@0x6D6870/0x6D6890; inner@0x6AFDA0	get/set@0x598DC0/0x58A484; stealth@0x598DE0/0x598E00; outer/inner@0x5805FC/0x580554	get/set@0x1001254A4/0x1001138D8; stealth@0x1001254C4/0x1001254E4; outer/inner@0x100107AFC/0x100107A2C	get/set@0x1246B8/0x1112E4; stealth@0x1246D8/0x1246F8; outer/inner@0x105140/0x105098	IMPLEMENTED	cpp/plugins/motionplayer/PlayerCore.cpp:374; cpp/plugins/motionplayer/PlayerCore.cpp:401; tests/unit-tests/plugins/motionplayer-dll.cpp:23696; tests/unit-tests/plugins/motionplayer-dll.cpp:23897	analysis/motionplayer_player_chara_motion_properties_four_binary_2026-08-26.md; analysis/motionplayer_coverage_status_reconciliation_2026-08-27.md	16 fresh property callback decompiles/disassemblies + four outer and four live-helper audits + exact owner/field/exception ordering; two recovered A32 getter functions; existing boundaries; formal build unavailable; stale status reconciled only after the cited downstream body owner container or root closure	No remaining semantic gap in the final root-reachable denominator; formal CMake unit and Web builds remain unavailable in this environment
MP-D11-PLAYER-MOTION-PROP-ROUTE	Player motion and stealthMotion CopyRef getters typed flags routing pending stealth owner and playImpl entry	motionplayer.dll	get/set@0x6D6924/0x6BEF00; stealth@0x6D6944/0x6D6964; playImpl@0x6AF664	get/set@0x598E08/0x58AD8C; stealth@0x598E28/0x598E48; play/playImpl@0x5800EC/0x580158	get/set@0x1001254F4/0x1001143D0; stealth@0x100125514/0x100125534; play/playImpl@0x1001074A4/0x100107540	get/set@0x124700/0x111E00; stealth@0x124720/0x124740; play/playImpl@0x104A7C/0x104AE8	IMPLEMENTED	cpp/plugins/motionplayer/PlayerCore.cpp:421; cpp/plugins/motionplayer/PlayerTimeline.cpp:84; tests/unit-tests/plugins/motionplayer-dll.cpp:23653	analysis/motionplayer_player_chara_motion_properties_four_binary_2026-08-26.md	16 fresh property callback decompiles/disassemblies + four outer play coordinators + exact pending owner/flags route audit; existing typed/queue tests; formal build unavailable	No remaining semantic gap in the final root-reachable denominator; formal CMake unit and Web builds remain unavailable in this environment
MP-D11-PLAYER-PROCESSED-MESH	Player processedMeshVerticesNum recursive uint32 accumulation shared child visitor particle-index-zero repetition capture allocation normal destruction and target EH frontiers	motionplayer.dll	Player_getProcessedMeshVerticesNum_guess@0x6CE3F8 50 instructions manager@0x6F29EC cleanup@0x6CE494	Player_getProcessedMeshVerticesNum_guess@0x594710 41 instructions manager@0x5AFA7C no local landing	Player_getProcessedMeshVerticesNum_guess@0x10011FDA8 41 instructions SBO vtable@0x1019ADC48 LSDA cold cleanup@0x10011FE50	Player_getProcessedMeshVerticesNum_guess@0x11EA6C 76 instructions SBO vtable@0x17777BC cleanup@0x11EB40	IMPLEMENTED	cpp/plugins/motionplayer/PlayerLayerQuery.cpp:642; cpp/plugins/motionplayer/PlayerLayerQuery.cpp:651; cpp/plugins/motionplayer/Player.h:172	analysis/motionplayer_player_child_visitor_exception_frontiers_four_binary_2026-08-27.md; analysis/motionplayer_player_leaf_methods_four_binary_2026-08-26.md	fresh four complete 50/41/41/76 bodies plus Android managers libc++ vtables 14-instruction arm64 iOS LSDA cold cleanup and 21-instruction armv7 iOS SjLj cleanup; exact allocation-before-visitor unobservable partial counter wrap normal destroy and 3-cleanup/1-no-local-landing matrix; local common RAII source matches; IDBs named commented bookmarked saved; formal build unavailable	No remaining semantic gap in the final root-reachable denominator; formal CMake unit and Web builds remain unavailable in this environment
MP-A11-PLAYER-STOP-SYNC	Player stop and releaseSyncWait exact independent byte stores	motionplayer.dll	stop@0x6D6E10; releaseSyncWait@0x6D6E28	stop@0x599118; releaseSyncWait@0x59913A	stop@0x100125938; releaseSyncWait@0x100125954	stop@0x124B2E; releaseSyncWait@0x124B54	IMPLEMENTED	cpp/plugins/motionplayer/PlayerTimeline.cpp:299; cpp/plugins/motionplayer/PlayerLayerQuery.cpp:430; tests/unit-tests/plugins/motionplayer-dll.cpp:17385; tests/unit-tests/plugins/motionplayer-dll.cpp:23727	analysis/motionplayer_player_leaf_methods_four_binary_2026-08-26.md; analysis/motionplayer_coverage_status_reconciliation_2026-08-27.md	eight fresh leaf decompiles/disassemblies + exact byte/retained-state audit + existing typed wrapper/state tests; formal build unavailable; stale status reconciled only after the cited downstream body owner container or root closure	No remaining semantic gap in the final root-reachable denominator; formal CMake unit and Web builds remain unavailable in this environment
MP-A11-PLAYER-CAMERA-OFFSETS	Player float cameraOffset fresh x/y Dictionary and independent binary64 stereovision camera position triplet	motionplayer.dll	setCameraOffset@0x6D6E18; get shared tail@0x6CDE90; stereo@0x6CD420	set/getCameraOffset@0x599120/0x59441C; stereo@0x593F44	set/getCameraOffset@0x100125940/0x10011F6EC; stereo@0x10011F54C	set/getCameraOffset@0x124B36/0x11E220; stereo@0x11E038	IMPLEMENTED	cpp/plugins/motionplayer/PlayerCore.cpp:915; cpp/plugins/motionplayer/PlayerLayerQuery.cpp:762; tests/unit-tests/plugins/motionplayer-dll.cpp:30767	analysis/motionplayer_tjs_array_dictionary_exception_frontiers_four_binary_2026-08-27.md; analysis/motionplayer_player_leaf_methods_four_binary_2026-08-26.md	fresh complete x/y Dictionary getter streams existing setter/stereo audits and adjacent iOS cold functions; exact SetValue prefix-commit and no-result-publication; arm64 Android landing arm64 iOS LSDA cold and armv7 iOS SjLj ordinary cases release with destructor-throw terminate; Android armv7 no local cleanup	No remaining semantic gap in the final root-reachable denominator; formal CMake unit and Web builds remain unavailable in this environment
MP-A11-PLAYER-DEFAULT-HOOKS	Player default onAction/onSync no-ops and onGroundCorrection/onFindMotion Variant identity callbacks	motionplayer.dll	onAction/onSync/onGround/onFind@0x6D6E30/0x6D6E34/0x6D6E38/0x6D6E40	onAction/onSync/onGround/onFind@0x599142/0x599144/0x599146/0x599152	onAction/onSync/onGround/onFind@0x10012595C/0x100125960/0x100125964/0x10012596C	onAction/onSync/onGround/onFind@0x124B5C/0x124B5E/0x124B60/0x124B6C	IMPLEMENTED	cpp/plugins/motionplayer/Player.h:472; cpp/plugins/motionplayer/PlayerMotionLoad.cpp:37; tests/unit-tests/plugins/motionplayer-dll.cpp:13717; tests/unit-tests/plugins/motionplayer-dll.cpp:21536	analysis/motionplayer_player_leaf_methods_four_binary_2026-08-26.md; analysis/motionplayer_coverage_status_reconciliation_2026-08-27.md	16 fresh callback decompiles/disassemblies + typed Variant owner/ignored-extra audit + existing identity/consumer tests; formal build unavailable; stale status reconciled only after the cited downstream body owner container or root closure	No remaining semantic gap in the final root-reachable denominator; formal CMake unit and Web builds remain unavailable in this environment
MP-A11-PLAYER-SETVARIABLE-RAW	Player setVariable native-instance raw callback arity conversion order mode default and binder route	motionplayer.dll	Player_setVariableRaw@0x6CE250 -> binder@0x6C1A48	Player_setVariableRaw@0x594680 -> binder@0x58C4D8	Player_setVariableRaw@0x10011FD04 -> binder@0x100116410	Player_setVariableRaw@0x11E978 -> binder@0x113D54	IMPLEMENTED	cpp/plugins/motionplayer/Player.h:450; cpp/plugins/motionplayer/PlayerVariable.cpp:443; tests/unit-tests/plugins/motionplayer-dll.cpp:77; tests/unit-tests/plugins/motionplayer-dll.cpp:24736	analysis/motionplayer_player_variable_root_layernames_four_binary_2026-08-26.md; analysis/motionplayer_player_variable_binder_dataflow_four_binary_2026-08-27.md	four fresh callback decompiles/disassemblies plus dedicated four-binary binder HM1/HM2/ramp cache-rebuild caller and old-tree lifecycle closure; corrected Player* callback signature and writeVal-vs-weight reset bug; formal build unavailable	No remaining semantic gap in the final root-reachable denominator; formal CMake unit and Web builds remain unavailable in this environment
MP-C11-PLAYER-GETVARIABLE	Player getVariable splitter precedence normalized HM1 vs raw HM2 hash lookup and missing positive zero	motionplayer.dll	Player_getVariable@0x6CA77C; splitter@0x6CDFD4; HM1/HM2@+0x108/+0x140	Player_getVariable@0x592810; splitter@0x594508; HM1/HM2@+0xC0/+0xDC	Player_getVariable@0x10011D3D8; splitter@0x10011F8D0; HM1/HM2@+0xD0/+0xF8	Player_getVariable@0x11BD50; splitter@0x11E494; HM1/HM2@+0xA0/+0xB4	IMPLEMENTED	cpp/plugins/motionplayer/PlayerVariable.cpp:20; cpp/plugins/motionplayer/PlayerVariable.cpp:352; cpp/plugins/motionplayer/internal/ttstr_hash.h:24; tests/unit-tests/plugins/motionplayer-dll.cpp:24689	analysis/motionplayer_player_variable_root_layernames_four_binary_2026-08-26.md; analysis/motionplayer_coverage_status_reconciliation_2026-08-27.md	eight fresh getter/splitter decompiles/disassemblies + exact map/hash/value/missing boundary audit + existing separator/snapshot-distinction tests; formal build unavailable; stale status reconciled only after the cited downstream body owner container or root closure	No remaining semantic gap in the final root-reachable denominator; formal CMake unit and Web builds remain unavailable in this environment
MP-C11-PLAYER-MODROOT-LAYERNAMES	Player modifyRoot unchecked unconditional dirty and getLayerNames fresh in-order UTF16 map substring filter	motionplayer.dll	modifyRoot@0x6CA490; getLayerNames@0x6CE4C0	modifyRoot@0x5926DE; getLayerNames@0x594798	modifyRoot@0x10011D1DC; getLayerNames@0x10011FE88	modifyRoot@0x11BB72; getLayerNames@0x11EB7C	IMPLEMENTED	cpp/plugins/motionplayer/PlayerCore.cpp:931; cpp/plugins/motionplayer/PlayerLayerQuery.cpp:415; cpp/plugins/motionplayer/internal/player_containers.h:73; tests/unit-tests/plugins/motionplayer-dll.cpp:24775; tests/unit-tests/plugins/motionplayer-dll.cpp:30139	analysis/motionplayer_tjs_array_dictionary_exception_frontiers_four_binary_2026-08-27.md; analysis/motionplayer_player_variable_root_layernames_four_binary_2026-08-26.md	fresh four complete getLayerNames streams adjacent iOS cold cleanup and existing modifyRoot audit; exact UTF16 map order/filter/String append prefix and no-result-publication boundary; arm64 Android landing arm64 iOS LSDA cold and armv7 iOS SjLj destroy local Array; Android armv7 no local cleanup	No remaining semantic gap in the final root-reachable denominator; formal CMake unit and Web builds remain unavailable in this environment
MP-A11-PLAYER-DRAW-AFFINE	Player six-component draw-affine storage float translation and original-double identity flag	motionplayer.dll	shared tail@0x6D22F4 via EmotePlayer thunk@0x67F2C8	Player_setDrawAffineTranslateMatrix@0x596C40	Player_setDrawAffineTranslateMatrix@0x100122D54	Player_setDrawAffineTranslateMatrix@0x121D90	IMPLEMENTED	cpp/plugins/motionplayer/PlayerDrawDispatch.cpp:19; tests/unit-tests/plugins/motionplayer-dll.cpp:30933	analysis/motionplayer_player_affine_skip_exist_four_binary_2026-08-26.md	four fresh callback decompiles/disassemblies + exact field/input-order/original-double flag audit; removed non-reference trace; added underflow boundary test; formal build unavailable	No remaining semantic gap in the final root-reachable denominator; formal CMake unit and Web builds remain unavailable in this environment
MP-D11-PLAYER-SKIP-TO-SYNC	Player skipToSync gate retained tag owner dead property reads reentrant upper reload and cursor publication	motionplayer.dll	Player_skipToSync@0x6D08E4	Player_skipToSync@0x595C48	Player_skipToSync@0x100121A78	Player_skipToSync@0x1207F8	IMPLEMENTED	cpp/plugins/motionplayer/PlayerTimeline.cpp:39; tests/unit-tests/plugins/motionplayer-dll.cpp:17415	analysis/motionplayer_player_affine_skip_exist_four_binary_2026-08-26.md; analysis/motionplayer_coverage_status_reconciliation_2026-08-27.md	four fresh full decompiles/disassemblies + exact field/property/hint/owner/reentrant audit; recovered A64 function boundary; extensive existing tests; formal build unavailable; stale status reconciled only after the cited downstream body owner container or root closure	No remaining semantic gap in the final root-reachable denominator; formal CMake unit and Web builds remain unavailable in this environment
MP-B11-PLAYER-SKIP-FP	Player skipToSync lower-clamp AArch64 FMAX versus ARMv7 ordered compare boundary	motionplayer.dll	FMAX@0x6D0B84	VCMPE@0x595DA6	FMAX@0x100121C40	VCMPE@0x1209BA	PLATFORM_BOUNDARY	cpp/plugins/motionplayer/PlayerTimeline.cpp:69; tests/unit-tests/plugins/motionplayer-dll.cpp:17445	analysis/motionplayer_player_affine_skip_exist_four_binary_2026-08-26.md	four exact disassembly searches and common ordered source comparison	Add explicit per-ISA emulation only if bit-exact signed-zero/NaN behavior is required; do not distort common source
MP-L11-PLAYER-ISEXIST	Player isExistMotion path owner borrowed ResourceManager persistent context alias status-ignore and local hint	motionplayer.dll	Player_isExistMotion@0x6CDBD4	Player_isExistMotion@0x5942F4	Player_isExistMotion@0x10011F558	Player_isExistMotion@0x11E054	IMPLEMENTED	cpp/plugins/motionplayer/PlayerResource.cpp:908; tests/unit-tests/plugins/motionplayer-dll.cpp:13290	analysis/motionplayer_player_affine_skip_exist_four_binary_2026-08-26.md; analysis/motionplayer_coverage_status_reconciliation_2026-08-27.md	four fresh full decompiles/disassemblies + exact path/call/owner/context/hint/status audit + existing reentrant failed-status tests; formal build unavailable; stale status reconciled only after the cited downstream body owner container or root closure	No remaining semantic gap in the final root-reachable denominator; formal CMake unit and Web builds remain unavailable in this environment
MP-D11-PLAYER-CONTAINS	Player contains non-root local shape first shared recursive child visitor first-hit short circuit capture allocation normal destruction and target EH frontiers	motionplayer.dll	Player_contains_guess@0x6D071C 113 instructions manager@0x6F2AA4 cleanup@0x6D08B8	Player_contains_guess@0x595AF8 108 instructions manager@0x5AFAE6 no local landing	Player_contains_guess@0x1001218E8 86 instructions heap vtable@0x1019ADC90 LSDA cold cleanup@0x100121A44	Player_contains_guess@0x12065C 123 instructions SBO vtable@0x17777E0 cleanup@0x1207BC	IMPLEMENTED	cpp/plugins/motionplayer/PlayerLayerQuery.cpp:777; cpp/plugins/motionplayer/PlayerLayerQuery.cpp:787; cpp/plugins/motionplayer/PlayerLayerQuery.cpp:651; cpp/plugins/motionplayer/HitTestInternal.h:23; tests/unit-tests/plugins/motionplayer-dll.cpp:21617	analysis/motionplayer_player_child_visitor_exception_frontiers_four_binary_2026-08-27.md; analysis/motionplayer_player_contains_four_binary_2026-08-26.md	fresh four complete 113/108/86/123 bodies plus Android managers libc++ vtables 13-instruction arm64 iOS LSDA cold cleanup and 21-instruction armv7 iOS SjLj cleanup; exact local-hit avoids capture allocation-after-miss normal destroy visitor partial traversal and 3-cleanup/1-no-local-landing matrix; local common RAII source matches; IDBs named commented bookmarked saved; formal build unavailable	No remaining semantic gap in the final root-reachable denominator; formal CMake unit and Web builds remain unavailable in this environment
MP-D11-PLAYER-PLAY-RAW	Player play legacy raw callback receiver/result layers argc conversion order raw dispatch lifetime and outer coordinator route	motionplayer.dll	Player_playRaw_guess@0x6CFFE8	Player_playRaw_guess@0x59565C	Player_playRaw_guess@0x1001212C0	Player_playRaw_guess@0x120050	IMPLEMENTED	cpp/plugins/motionplayer/PlayerTimeline.cpp:271; cpp/plugins/motionplayer/Player.h:445; tests/unit-tests/plugins/motionplayer-dll.cpp:23640	analysis/motionplayer_player_play_progress_raw_four_binary_2026-08-26.md; analysis/motionplayer_player_playback_state_machine_four_binary_2026-08-27.md	four fresh callback decompiles/disassemblies + legacy method-object result layer + exact flags-before-label/exception residue tests; companion playback state-machine row closes playMotionImpl load commit Join and both initializer paths; IDBs named/commented/bookmarked/saved; formal build unavailable	No remaining semantic gap in the final root-reachable denominator; formal CMake unit and Web builds remain unavailable in this environment
MP-D11-PLAYER-PROGRESS-RAW	Player progress legacy raw callback Real-before-dispatch ordering millisecond conversion and four-phase bridge	motionplayer.dll	Player_progressRaw_guess@0x6CFE78 inline bridge	Player_progressRaw_guess@0x595598 -> bridge@0x595570	Player_progressRaw_guess@0x100121204 -> bridge@0x1001211C0	Player_progressRaw_guess@0x11FFB4 -> bridge@0x11FF88	IMPLEMENTED	cpp/plugins/motionplayer/PlayerFrameProgress.cpp:1292; cpp/plugins/motionplayer/PlayerFrameProgress.cpp:1302; tests/unit-tests/plugins/motionplayer-dll.cpp:23667	analysis/motionplayer_player_play_progress_raw_four_binary_2026-08-26.md; analysis/motionplayer_player_frame_progress_events_four_binary_2026-08-27.md; analysis/motionplayer_player_update_layers_dispatcher_four_binary_2026-08-27.md; analysis/motionplayer_player_calc_bounds_four_binary_2026-08-27.md	four fresh callback plus three helper decompiles/disassemblies + conversion/exception/legacy-result audit; removed non-reference trace/snapshot sidecars; one-ulp multiply/divide test; companion rows close frameProgress updateLayers calcBounds event dispatch and exact EH; IDBs saved; formal build unavailable	No remaining semantic gap in the final root-reachable denominator; formal CMake unit and Web builds remain unavailable in this environment
MP-D11-PLAYER-CLEAR	Player clear typed two-Variant D3D/Separate/Layer dispatch strict global accessor draw-region live child recursion and exact target EH cleanup frontiers	motionplayer.dll	Player_clearRecursive_guess@0x6D0160 359; inline landing chain@0x6D062C	Player_clearRecursive_guess@0x595720 306; no in-frame landing	Player_clearRecursive_guess@0x10012139C 274; cold cleanup@0x100121800 56	Player_clearRecursive_guess@0x120168 394; SjLj cleanup@0x120572 85	IMPLEMENTED	cpp/plugins/motionplayer/PlayerTimeline.cpp:244; tests/unit-tests/plugins/motionplayer-dll.cpp:10834; tests/unit-tests/plugins/motionplayer-dll.cpp:23978	analysis/motionplayer_player_clear_four_binary_2026-08-26.md	fresh complete 359/306/274/394 bodies plus 56-instruction iOS arm64 LSDA cold and 85-instruction iOS armv7 SjLj cleanup; exact replacement accessor rect fill recursion Variant prefix cleanup and destructor-throw terminate matrix; local RAII source matches; IDBs named commented bookmarked saved; formal build unavailable	No remaining semantic gap in the final root-reachable denominator; formal CMake unit and Web builds remain unavailable in this environment
MP-C11-PLAYER-COMMAND-LIST	Player getCommandList two-pass persistent command rebuild fresh output Array nested Dictionary/Array aliases filter stencil chain prefix publication and target EH cleanup	motionplayer.dll	shared body@0x6D0E2C via EmotePlayer thunk@0x67F900 1313; inline landing@0x6D2000; comparator@0x6D22E0	Player_getCommandList_guess@0x595FF0 838; no in-frame landing	Player_getCommandList_guess@0x100121EB0 596; cold cleanup@0x100122928 175	Player_getCommandList_guess@0x120CF8 1032; SjLj cleanup@0x121820 368	IMPLEMENTED	cpp/plugins/motionplayer/PlayerLayerQuery.cpp:788; cpp/plugins/motionplayer/RuntimeSupport.h:67; tests/unit-tests/plugins/motionplayer-dll.cpp:5772; tests/unit-tests/plugins/motionplayer-dll.cpp:14312	analysis/motionplayer_player_get_command_list_four_binary_2026-08-26.md	fresh paginated complete 1313/838/596/1032 bodies plus 175-instruction iOS arm64 LSDA cold and 368-instruction 84-case iOS armv7 SjLj cleanup; exact nested owner vector backing persistent-command/result prefix commit and cleanup-throw terminate audit; local RAII matches; IDBs named commented bookmarked saved; formal build unavailable	No remaining semantic gap in the final root-reachable denominator; formal CMake unit and Web builds remain unavailable in this environment
MP-C11-PLAYER-CALC-VIEW	Player calcViewParam ordered cursor prelude retained outer viewParams owner live node projection mesh-chain containers nested output prefix writes and target EH cleanup	motionplayer.dll	Player_calcViewParam_guess@0x6CE908 1349; inline landing@0x6CFA8C	Player_calcViewParam_guess@0x594958 798; no in-frame landing	Player_calcViewParam_guess@0x1001201CC 613; cold cleanup@0x100120C58 176	Player_calcViewParam_guess@0x11EED4 977; SjLj cleanup@0x11F97E 367	IMPLEMENTED	cpp/plugins/motionplayer/PlayerLayerQuery.cpp:436; cpp/plugins/motionplayer/PlayerInternal.h:62; tests/unit-tests/plugins/motionplayer-dll.cpp:26289	analysis/motionplayer_player_calc_view_param_four_binary_2026-08-27.md	fresh paginated complete 1349/798/613/977 bodies plus 176-instruction iOS arm64 LSDA cold and 367-instruction 82-case iOS armv7 SjLj cleanup; exact Player-prelude no-rollback outer/output accessor nested mesh clip Array/Dictionary prefix cleanup and terminate matrix; local RAII matches; IDBs named commented bookmarked saved; formal build unavailable	No remaining semantic gap in the final root-reachable denominator; formal CMake unit and Web builds remain unavailable in this environment
MP-G11-PLAYER-DRAW-ROUTER	Player draw strict target conversion D3D/SLA direct routing two-list preparation sticky shared-D3D and ordinary canvas/post-draw coordinator	motionplayer.dll	Player_draw@0x6D3398	Player_draw@0x597864	Player_draw@0x100123C84	Player_draw@0x122F28; SjLj cleanup@0x123368	IMPLEMENTED	cpp/plugins/motionplayer/PlayerDrawDispatch.cpp:25; tests/unit-tests/plugins/motionplayer-dll.cpp:30584	analysis/motionplayer_player_draw_router_four_binary_2026-08-27.md	four fresh full decompiles + paginated all 1357 body instructions + full 146-instruction iOS armv7 SjLj cleanup; restored two strict Object conversions/null-Object prepare path and removed trace plus redundant motion gate; expanded throw/result/sticky/null tests; IDBs named/commented/bookmarked/saved; formal build unavailable	No remaining semantic gap in the final root-reachable denominator; formal CMake unit and Web builds remain unavailable in this environment
MP-G11-PLAYER-DIRECT-D3D	Player direct D3DAdaptor two-list preparation main-list projection and borrowed adaptor renderFromPlayer coordinator	motionplayer.dll	Player_renderToD3DAdaptor@0x6D2F70	Player_renderToD3DAdaptor@0x59761C	Player_renderToD3DAdaptor@0x100123844	Player_renderToD3DAdaptor@0x122AAC; SjLj cleanup@0x122B94	IMPLEMENTED	cpp/plugins/motionplayer/PlayerRenderTargets.cpp:948; tests/unit-tests/plugins/motionplayer-dll.cpp:30584	analysis/motionplayer_player_direct_d3d_route_four_binary_2026-08-27.md	four fresh full decompiles/disassemblies of all 235 body instructions + full 47-instruction iOS armv7 SjLj cleanup; removed pre-prepare trace/path/width/height side effects; exact pointer-vector cleanup audit; IDBs named/commented/bookmarked/saved; formal build unavailable	No remaining semantic gap in the final root-reachable denominator; formal CMake unit and Web builds remain unavailable in this environment
MP-G11-PLAYER-DIRECT-SLA	Player direct SeparateLayerAdaptor prepare/project guarded process-lifetime backend choice accurate owner sequence and legacy native Layer update gate	motionplayer.dll	Player_renderToSeparateLayerAdaptor@0x6D2A38	Player_renderToSeparateLayerAdaptor@0x597328	Player_renderToSeparateLayerAdaptor@0x1001233C8	Player_renderToSeparateLayerAdaptor@0x12257C; SjLj cleanup@0x1227B6	IMPLEMENTED	cpp/plugins/motionplayer/PlayerRenderTargets.cpp:1157; cpp/plugins/motionplayer/PlayerRenderInternal.cpp:874; tests/unit-tests/plugins/motionplayer-dll.cpp:6497	analysis/motionplayer_player_direct_sla_and_private_layer_four_binary_2026-08-27.md; analysis/motionplayer_private_gll_command_builder_four_binary_2026-08-27.md	four fresh full coordinator/cleanup evidence plus completed four-body native legacy builder audit; restored one-time backend guard/software probe/accurate Variant owner/native Layer builder+stencil+Update flow and removed trace; IDBs saved; formal build unavailable	No remaining semantic gap in the final root-reachable denominator; formal CMake unit and Web builds remain unavailable in this environment
MP-L11-SLA-PRIVATE-GLL-ENSURE	SeparateLayerAdaptor lazy private Motion GLL class/object owner creation reuse absolute-visible publication target resize and borrowed native Layer return	motionplayer.dll	SeparateLayerAdaptor_ensurePrivateMotionGLL_guess@0x6D2D28	SeparateLayerAdaptor_ensurePrivateMotionGLL_guess@0x5974D0	SeparateLayerAdaptor_ensurePrivateMotionGLL_guess@0x100123670	SeparateLayerAdaptor_ensurePrivateMotionGLL_guess@0x122884; SjLj cleanup@0x122A66	IMPLEMENTED	cpp/plugins/motionplayer/PrivateMotionGLL.cpp:527; cpp/plugins/motionplayer/PrivateMotionGLL.h:32; cpp/plugins/motionplayer/SeparateLayerAdaptor.h:125; tests/unit-tests/plugins/motionplayer-dll.cpp:6500	analysis/motionplayer_player_direct_sla_and_private_layer_four_binary_2026-08-27.md	four fresh full decompiles/disassemblies of all 524 ensure instructions + 21-instruction armv7 cleanup; restored borrowed native Layer return and direct stencil native pointer; exact Void/create/reuse/owner/resize audit; IDBs saved; formal build unavailable	No remaining semantic gap in the final root-reachable denominator; formal CMake unit and Web builds remain unavailable in this environment
MP-G11-PRIVATE-GLL-BUILDER	Private Motion GLL priorDraw snapshot stencil/clip/layerId preprocessing native deque rebuild source descriptor texture owner and geometry point move builder	motionplayer.dll	PrivateMotionGLL_buildCommands_guess@0x6DBB18	PrivateMotionGLL_buildCommands_guess@0x59CB20	PrivateMotionGLL_buildCommands_guess@0x10012B7D0	PrivateMotionGLL_buildCommands_guess@0x12A304; SjLj cleanup@0x12AAC6	IMPLEMENTED	cpp/plugins/motionplayer/PlayerRenderTargets.cpp:518; cpp/plugins/motionplayer/PrivateMotionGLL.cpp:577; cpp/plugins/motionplayer/PrivateMotionGLL.h:40; tests/unit-tests/plugins/motionplayer-dll.cpp:6497	analysis/motionplayer_private_gll_command_builder_four_binary_2026-08-27.md	four fresh full decompiles + paginated all 2600 body instructions + full 121-instruction armv7 cleanup; restored entry priorDraw snapshot/native queue access/negative signed half and removed trace; exact 0x58/0x48 element+deque/vector/texture owner audit; IDBs saved; formal build unavailable	No remaining semantic gap in the final root-reachable denominator; formal CMake unit and Web builds remain unavailable in this environment
MP-G11-PLAYER-ACCURATE-SLA	Player accurate SeparateLayer target owner/pass lifecycle numeric clip payload map resolve source copy optional mask/debug and final Layer publication	motionplayer.dll	Player_renderAccurateSeparateLayerAdaptor_guess@0x6C7088	Player_renderAccurateSeparateLayerAdaptor_guess@0x590468	Player_renderAccurateSeparateLayerAdaptor_guess@0x10011A9E8	Player_renderAccurateSeparateLayerAdaptor_guess@0x118D70; SjLj cleanup@0x11A4F8	IMPLEMENTED	cpp/plugins/motionplayer/PlayerRenderTargets.cpp:618; cpp/plugins/motionplayer/PlayerRenderInternal.h:240; tests/unit-tests/plugins/motionplayer-dll.cpp:6390	analysis/motionplayer_accurate_sla_renderer_four_binary_2026-08-27.md; analysis/nekopara0_emote_highlight_stencil_operation_four_binary_2026-09-07.md	four fresh full decompiles plus paginated all 7010 body instructions and all 695 armv7 110-case cleanup instructions; restored numeric-only viewport gate/type1 meshPoints payload/source Object owner and removed trace; exact map/pass/mask/debug/publication owner audit; IDBs saved; formal build unavailable; 2026-09-07 fresh four accurate SLA/Canvas/alpha-mask decompiles corrected missing low-two-bit mask at accurate SLA caller; Emscripten 6.0.9 Web Debug build passed	2026-09-07 corrected the earlier false implementation-match conclusion for ancestor mask op: accurate SLA requires stencilComposite & 3; Canvas intentionally retains full flags. Full game runtime validation is recorded in the companion report.
MP-G11-PLAYER-ACCURATE-SLA-POST	Player accurate SeparateLayer post-draw ready-needs publication target/internal Object owners height-before-width dimensions and seven-Variant piledCopy	motionplayer.dll	Player_updateAccurateSLAAfterDraw@0x6CBD18	Player_updateAccurateSLAAfterDraw@0x593344	Player_updateAccurateSLAAfterDraw@0x10011E808	Player_updateAccurateSLAAfterDraw@0x11D078; SjLj cleanup@0x11D2FE	IMPLEMENTED	cpp/plugins/motionplayer/PlayerRenderTargets.cpp:1231; tests/unit-tests/plugins/motionplayer-dll.cpp:19713	analysis/motionplayer_accurate_sla_post_draw_four_binary_2026-08-27.md	four fresh full decompiles plus all 807 body instructions and full 101-instruction armv7 cleanup; exact adjacent-byte publication/early return/owner/materialize/dimension/argv/HRESULT/EH audit; removed non-reference trace; IDBs named/commented/bookmarked/saved; formal build unavailable	No remaining semantic gap in the final root-reachable denominator; formal CMake unit and Web builds remain unavailable in this environment
MP-L11-PLAYER-INTERNAL-LAYER-MATERIALIZE	Player one-shot internal/work Layer materializer primary-Variant gate target/window owners early persistent publication height-width sizing and unrepaired partial failure	motionplayer.dll	Player_materializeInternalRenderLayers_guess@0x6CB57C	Player_materializeInternalRenderLayers_guess@0x592F7C	Player_materializeInternalRenderLayers_guess@0x10011E2BC	Player_materializeInternalRenderLayers_guess@0x11CAC8; SjLj cleanup@0x11CDE0	IMPLEMENTED	cpp/plugins/motionplayer/PlayerRenderTargets.cpp:216; cpp/plugins/motionplayer/PlayerRenderTargets.cpp:449; cpp/plugins/motionplayer/RuntimeSupport.cpp:235; tests/unit-tests/plugins/motionplayer-dll.cpp:19713	analysis/motionplayer_internal_render_layer_materializer_four_binary_2026-08-27.md	four fresh full decompiles plus all 1086 body instructions and full 131-instruction 22-state armv7 cleanup; exact type gate/factory/persistent publication/dimension/setSize/owner/partial-failure audit; local source already matched; IDBs named/commented/bookmarked/saved; formal build unavailable	No remaining semantic gap in the final root-reachable denominator; formal CMake unit and Web builds remain unavailable in this environment
MP-G11-PLAYER-ORDINARY-POST-DRAW	Player ordinary canvas post-draw ready-needs publication materializer primary internal Object owner and one-complete-Variant assignImages	motionplayer.dll	Player_updateLayerAfterDrawRecovered_guess@0x6CBBB8	Player_updateLayerAfterDrawRecovered_guess@0x59327C	Player_updateLayerAfterDrawRecovered_guess@0x10011E6CC	Player_updateLayerAfterDrawRecovered_guess@0x11CF20; SjLj cleanup@0x11D014	IMPLEMENTED	cpp/plugins/motionplayer/PlayerRenderTargets.cpp:1168	analysis/motionplayer_ordinary_post_draw_assign_images_four_binary_2026-08-27.md	four fresh full decompiles plus all 294 body instructions and full 37-instruction five-state armv7 cleanup; exact flag/materialize/no-pre-target-owner/internal-owner/argc1/HRESULT/EH audit; removed headless and logo trace sidecars; IDBs named/commented/bookmarked/saved; formal build unavailable	No remaining semantic gap in the final root-reachable denominator; formal CMake unit and Web builds remain unavailable in this environment
MP-L11-SHARED-LAYER-FACTORY	Shared borrowed-owner-parent Layer CreateNew factory raw global/created lifetime self-closure result ignored status and sharp null/exception behavior	motionplayer.dll	inlined twice in Player materializer@0x6CB660 and 0x6CB8A4	Motion_createLayerVariant_guess@0x57AC1C	Motion_createLayerVariant_guess@0x1001008A8	Motion_createLayerVariant_guess@0xFDA14; SjLj cleanup@0xFDB22	IMPLEMENTED	cpp/plugins/motionplayer/RuntimeSupport.cpp:235	analysis/motionplayer_shared_layer_factory_four_binary_2026-08-27.md	three fresh full standalone decompiles/disassemblies totaling 223 instructions plus both A64 inline sites in fully read materializer and full 12-instruction armv7 cleanup; exact argv/CreateNew/AddRef/result/raw-release/failure audit; local source already matched; IDBs named/commented/bookmarked/saved; formal build unavailable	No remaining semantic gap in the final root-reachable denominator; formal CMake unit and Web builds remain unavailable in this environment
MP-G11-PLAYER-CANVAS-ENVELOPE	Player ordinary Canvas Layer-class-before-target owners two live priorDraw gates width-height builder routing unconditional command execution and final no-argument setClip	motionplayer.dll	Player_renderToCanvas_guess envelope@0x6C4820..0x6C4950 and 0x6C63AC..0x6C6454	Player_renderToCanvas_guess envelope@0x58E2CC..0x58E3A8 and 0x58FA62..0x58FACC	Player_renderToCanvas_guess envelope@0x1001186E0..0x1001187E8 and 0x100119F08..0x100119FB8	Player_renderToCanvas_guess envelope@0x11653C..0x1166B0 and 0x117F7C..0x118020; SjLj cleanup@0x118026	IMPLEMENTED	cpp/plugins/motionplayer/PlayerRenderTargets.cpp:1064; tests/unit-tests/plugins/motionplayer-dll.cpp:5927	analysis/motionplayer_canvas_coordinator_envelope_four_binary_2026-08-27.md	four full bodies paginated across all 7940 instructions plus full 736-instruction 110-state armv7 cleanup; exact outer-owner/live-gate/dimension/builder/empty-exhausted-final-setClip audit; removed logo trace; per-item middle closed separately by MP-G11-PLAYER-CANVAS-ITEM-EXECUTOR; IDBs commented/bookmarked/saved; formal build unavailable	No remaining semantic gap in the final root-reachable denominator; formal CMake unit and Web builds remain unavailable in this environment
MP-G11-PLAYER-CANVAS-ITEM-EXECUTOR	Player ordinary Canvas per-item admission numeric clip float-before-Real width priorDraw opacity descriptor-color-source owners direct and buffered primitives masks debug and common EH cleanup	motionplayer.dll	Player_renderToCanvas_guess item body@0x6C49A8 loop@0x6C6388	Player_renderToCanvas_guess item body@0x58E440 loop tail@0x58FA42	Player_renderToCanvas_guess item body@0x100118848 loop tail@0x100119EE4	Player_renderToCanvas_guess item body@0x116BC6 common cleanup@0x117F1E; SjLj cleanup@0x118026	IMPLEMENTED	cpp/plugins/motionplayer/PlayerRenderExecute.cpp:635; tests/unit-tests/plugins/motionplayer-dll.cpp:5704; tests/unit-tests/plugins/motionplayer-dll.cpp:5739; tests/unit-tests/plugins/motionplayer-dll.cpp:17053	analysis/motionplayer_canvas_item_executor_four_binary_2026-08-27.md	four complete monolithic bodies totaling 7940 instructions plus full 736-instruction 110-state armv7 cleanup; exact admission/clip/owner/direct/buffered/mask/debug/EH mapping; removed all executor diagnostic sidecars and fixed float-before-Real clip subtraction; IDBs commented/saved; formal build unavailable	No remaining semantic gap in the final root-reachable denominator; formal CMake unit and Web builds remain unavailable in this environment
MP-G11-PLAYER-BUILD-COMMANDS	Player buildRenderCommands pass lifecycle trusted main pointer traversal strict dual-axis clip lazy SeparateLayerAdaptor require-id latch leaf payload ordered-map resolve source materialization and normal-only cleanup	motionplayer.dll	Player_buildRenderCommands_guess@0x6C2208	Player_buildRenderCommands_guess@0x58C7C4	Player_buildRenderCommands_guess@0x1001167BC	Player_buildRenderCommands_guess@0x114118; SjLj cleanup@0x1153DC	IMPLEMENTED	cpp/plugins/motionplayer/PlayerRenderExecute.cpp:72; cpp/plugins/motionplayer/PlayerRenderExecute.cpp:396; cpp/plugins/motionplayer/Player.h:650; tests/unit-tests/plugins/motionplayer-dll.cpp:6453	analysis/motionplayer_build_render_commands_four_binary_2026-08-27.md	four fresh decompiles plus paginated all 5779 main-body instructions and full 565-instruction 81-state armv7 cleanup; exact pass/clip/lazy-adaptor/id-latch/leaf payload/source owner/publication/EH audit; removed all build and leaf diagnostic sidecars; added dual-axis boundary assertions; IDBs named/commented/bookmarked/saved; formal build unavailable	No remaining semantic gap in the final root-reachable denominator; formal CMake unit and Web builds remain unavailable in this environment
MP-G11-PLAYER-COMPOSED-GROUP-PRODUCER	Player buildRenderCommands inline auxiliary group union camera clamp pre-viewport empty gate lazy composed Layer clear child alpha-mask live reads delayed flag-clip publication and negative narrowed extent boundary	motionplayer.dll	Player_buildRenderCommands_guess group phase@0x6C325C item@0x6C3274	Player_buildRenderCommands_guess group phase@0x58D2E2 item@0x58D312	Player_buildRenderCommands_guess group phase@0x1001174B4 item@0x1001174DC	Player_buildRenderCommands_guess group phase@0x114E8A item@0x114EA8; SjLj cleanup@0x1153DC	IMPLEMENTED	cpp/plugins/motionplayer/PlayerRenderExecute.cpp:240; tests/unit-tests/plugins/motionplayer-dll.cpp:6291; tests/unit-tests/plugins/motionplayer-dll.cpp:6360; tests/unit-tests/plugins/motionplayer-dll.cpp:6403	analysis/motionplayer_build_render_commands_four_binary_2026-08-27.md	four complete main bodies plus full armv7 cleanup; exact child-paint union/FCSEL operand/camera-before-viewport empty test/composed Layer owner/child CopyRef-live-tail/delayed-publication audit; added negative viewport-narrowed extent assertion; IDBs saved; formal build unavailable	No remaining semantic gap in the final root-reachable denominator; formal CMake unit and Web builds remain unavailable in this environment
MP-L11-SLA-PAYLOAD-RESOLVER	SeparateLayerAdaptor payload resolver uint32-keyed active-retired red-black-tree reuse/default-node insertion always-refresh payload copy direct Layer Object owner wrapping absolute sequence and partial-commit EH	motionplayer.dll	SeparateLayerAdaptor_resolveLayerNode_guess@0x6C3F28; comparator@0x6D9F0C	SeparateLayerAdaptor_resolveLayerNode_guess@0x58DCD4; comparator@0x59B7F0	SeparateLayerAdaptor_resolveLayerNode_guess@0x100117E88; comparator@0x1001299E0	SeparateLayerAdaptor_resolveLayerNode_guess@0x115B34; comparator@0x1289F0	IMPLEMENTED	cpp/plugins/motionplayer/SeparateLayerAdaptor.cpp:164; cpp/plugins/motionplayer/SeparateLayerAdaptor.cpp:326; tests/unit-tests/plugins/motionplayer-dll.cpp:10380; tests/unit-tests/plugins/motionplayer-dll.cpp:10585	analysis/motionplayer_separate_layer_ordered_map_resolvers_four_binary_2026-08-27.md	four fresh full resolver bodies totaling 1135 instructions plus four 427-instruction comparator bodies and map helpers; exact node/payload layout/reuse-insert-erase/always-true predicate/direct Object owner/PropSet/32-bit wrap/EH commit audit; fixed resolver unwrapping-owner-wrap and comparator order; IDBs saved; formal build unavailable	No remaining semantic gap in the final root-reachable denominator; formal CMake unit and Web builds remain unavailable in this environment
MP-L11-SLA-ORDINAL-RESOLVER	SeparateLayerAdaptor payload-free ordinal Layer Variant move-or-create direct Object owner wrapping absolute fixed hitThreshold and deliberately non-advancing per-pass sequence	motionplayer.dll	SeparateLayerAdaptor_resolveLayerOrdinal_guess@0x6C90C4	SeparateLayerAdaptor_resolveLayerOrdinal_guess@0x591DEC	SeparateLayerAdaptor_resolveLayerOrdinal_guess@0x10011C628	SeparateLayerAdaptor_resolveLayerOrdinal_guess@0x11AE24	IMPLEMENTED	cpp/plugins/motionplayer/SeparateLayerAdaptor.cpp:284; tests/unit-tests/plugins/motionplayer-dll.cpp:10948	analysis/motionplayer_separate_layer_ordered_map_resolvers_four_binary_2026-08-27.md	four fresh full bodies totaling 696 instructions; exact Layer-only reuse/new/default-node/direct receiver/Object-only owner/wrapping absolute/no-sequence-increment audit; fixed assign-resolver fallback and owner topology; IDBs named/commented/bookmarked/saved; formal build unavailable	No remaining semantic gap in the final root-reachable denominator; formal CMake unit and Web builds remain unavailable in this environment
MP-L11-SLA-ORDERED-MAP-LIFECYCLE	SeparateLayerAdaptor constructor target closure plus Object owner window acquisition two STL red-black-tree layouts whole-tree pass swap default node insert ordered erase copied-payload invalidate retry and normal-only original-tree destruction	motionplayer.dll	ctor@0x6C3DB4; swap inline@0x6C225C; ensure@0x6DA0EC; invalidate-clear@0x6C46C4	ctor@0x58DBDC; swap@0x59B6E8; ensure@0x59B764; erase@0x59BB42; invalidate-clear@0x58E174	ctor@0x1001298C4; swap@0x100129858; find@0x100129B54; ensure@0x100129BA8; erase@0x100129CE0; invalidate-clear@0x10011844C	ctor@0x128890; swap@0x128848; find@0x128B3A; ensure@0x128B74; erase@0x128C24; invalidate-clear@0x116280	IMPLEMENTED	cpp/plugins/motionplayer/SeparateLayerAdaptor.h:16; cpp/plugins/motionplayer/SeparateLayerAdaptor.cpp:205; cpp/plugins/motionplayer/SeparateLayerAdaptor.cpp:218; cpp/plugins/motionplayer/SeparateLayerAdaptor.cpp:240; cpp/plugins/motionplayer/SeparateLayerAdaptor.cpp:268; cpp/plugins/motionplayer/SeparateLayerAdaptor.cpp:320; tests/unit-tests/plugins/motionplayer-dll.cpp:10448	analysis/motionplayer_separate_layer_ordered_map_resolvers_four_binary_2026-08-27.md	four constructors 310 instructions plus 510 standalone map helper instructions and four invalidate-clear bodies totaling 516 instructions, with A64 inline swap/build call-site evidence; exact 0xD0/0x98 node/key/payload/tree-header/sentinel/swap/destructor/retry audit; fixed constructor Object owner and delayed payload Variant destruction; IDBs saved; formal build unavailable	No remaining semantic gap in the final root-reachable denominator; formal CMake unit and Web builds remain unavailable in this environment
MP-L11-SLA-ASSIGN-INNER	SeparateLayerAdaptor assign target pass swap source active ordered traversal per-item sequence reset complete source Variant plus direct source-target Object owners assignImages height-width sizing six-property copy wrapping absolute rebase and normal-only retired clear	motionplayer.dll	secondary assign entry@0x6A97F0 within clear-rooted IDA range; tail@0x6AA030	SeparateLayerAdaptor_assignFromAdaptor_guess@0x57C814	SeparateLayerAdaptor_assignFromAdaptor_guess@0x10010347C	SeparateLayerAdaptor_assignFromAdaptor_guess@0x100874	IMPLEMENTED	cpp/plugins/motionplayer/SeparateLayerAdaptor.cpp:331; tests/unit-tests/plugins/motionplayer-dll.cpp:10585	analysis/motionplayer_separate_layer_assign_four_binary_2026-08-27.md	four fresh decompiles plus paginated full disassembly of 1453 true assign-body instructions; exact source-tree order/target swap/per-item sequence reset/source+target owner/assignImages/getter-default/setSize/property-order/wrapping-rebase/HRESULT/EH/normal-clear audit; fixed sequence, owner, fallback and signed-overflow deviations; added two-node and balance assertions; IDBs annotated/bookmarked/saved; formal build unavailable	No remaining semantic gap in the final root-reachable denominator; formal CMake unit and Web builds remain unavailable in this environment
MP-L11-SLA-CLEAR-DTOR	SeparateLayerAdaptor public private-target plus active-tree clear retired preservation partial-commit retry and destructor normal-release versus cleanup-then-terminate lifecycle	motionplayer.dll	SeparateLayerAdaptor_clear_guess@0x6A965C; dtor@0x6CD398 with landing cleanup	SeparateLayerAdaptor_clear_guess@0x57C698; dtor@0x593E98	SeparateLayerAdaptor_clear_guess@0x1001031AC; dtor@0x10012A644	SeparateLayerAdaptor_clear_guess@0x100590; dtor@0x1291F8; SjLj cleanup@0x12929A	IMPLEMENTED	cpp/plugins/motionplayer/SeparateLayerAdaptor.cpp:228; cpp/plugins/motionplayer/SeparateLayerAdaptor.cpp:244; tests/unit-tests/plugins/motionplayer-dll.cpp:11080	analysis/motionplayer_separate_layer_clear_destructor_four_binary_2026-08-27.md	four fresh full clear bodies totaling 578 instructions plus four 128-instruction destructor bridges and full 23-instruction armv7 terminate cleanup; exact private-before-active/retired-untouched/retry/member-reverse-release/no-extra-Invalidate/noexcept-terminate audit; active-retired swap test added; IDBs named/commented/bookmarked/saved; formal build unavailable	No remaining semantic gap in the final root-reachable denominator; formal CMake unit and Web builds remain unavailable in this environment
MP-L11-SLA-NCB-SURFACE	SeparateLayerAdaptor exact five-row registrar one-Variant constructor Void-shell sentinel result and argc boundary native attach rollback plus typed void assign target lookup strict const-reference unbox and temporary lifetime	motionplayer.dll	registrar@0x6A9378; ctor invoke@0x6EBECC attach@0x6EBFA4 allocate@0x6EC0BC; assign invoke@0x6EC920 unbox@0x6ECA5C	registrar@0x57C5A8; ctor invoke@0x5AA1C8 allocate-attach@0x5AA258; assign invoke@0x5AAD1C unbox-call@0x5AADC8	registrar@0x100103080; ctor invoke@0x10013D3E8 allocate-attach@0x10013D48C; assign invoke@0x10013E198 unbox-call@0x10013E218	registrar@0x1004A6; ctor invoke@0x13DE14 attach@0x13DE80 allocate@0x13DFC8 cleanups@0x13E060/0x13DF68; assign invoke@0x13EED4 unbox-call@0x13EF58 cleanup@0x13F03C	IMPLEMENTED	cpp/plugins/motionplayer/main.cpp:219; cpp/plugins/motionplayer/SeparateLayerAdaptor.h:73; cpp/plugins/motionplayer/SeparateLayerAdaptor.h:106; cpp/plugins/motionplayer/SeparateLayerAdaptor.cpp:331; tests/unit-tests/plugins/motionplayer-dll.cpp:98; tests/unit-tests/plugins/motionplayer-dll.cpp:15057	analysis/motionplayer_separate_layer_ncb_surface_four_binary_2026-08-27.md	four fresh five-row registrars totaling 312 instructions; constructor invoke/allocate/attach 529 normal instructions plus 49 armv7 cleanup instructions; typed assign target-lookup/unbox-call 537 normal instructions plus 12 armv7 cleanup instructions; replaced non-reference custom Factory and permissive raw assign with NCB_CONSTRUCTOR((tTJSVariant)) and NCB_METHOD(assign); signature assertions plus real Motion class constructor/assign descriptor gate, result, strict-unbox and surplus tests; IDBs named/commented/bookmarked/saved; git diff --check passes; formal build unavailable	No remaining semantic gap in the final root-reachable denominator; formal CMake unit and Web builds remain unavailable in this environment
MP-L11-SLA-TARGET-LAYER-PROPERTY	SeparateLayerAdaptor exact Variant targetLayer by-value getter pure copy-assign setter typed property receiver/result/null-param gates temporary ownership and deliberate absence of owner map private scalar side effects	motionplayer.dll	getter@0x6A9648 setter@0x6A9654; PropGet@0x6EC514 invoke@0x6EC758; PropSet@0x6EC600	getter@0x57C686 setter@0x57C692; PropGet@0x5AA860 invoke@0x5AA994; PropSet@0x5AA8EC invoke@0x5AAA20	getter@0x100103198 setter@0x1001031A4; PropGet@0x10013DBB8 invoke@0x10013DD84; PropSet@0x10013DC58	getter@0x10057C setter@0x100588; PropGet@0x13E7AC invoke@0x13E898 cleanup@0x13E952; PropSet@0x13E812 invoke@0x13E98C cleanup@0x13EA42	IMPLEMENTED	cpp/plugins/motionplayer/SeparateLayerAdaptor.h:84; cpp/plugins/motionplayer/main.cpp:222; tests/unit-tests/plugins/motionplayer-dll.cpp:15057	analysis/motionplayer_separate_layer_target_layer_property_four_binary_2026-08-27.md	four fresh native getter/setter thunks totaling 24 instructions; full PropGet ranges totaling 383 and PropSet ranges totaling 350 plus 30 explicit armv7 cleanup instructions; local source already matched exact Variant-by-value/copy-assign structure; real NCB property gate, Integer/Void replacement, owner and scalar preservation tests; IDBs named/commented/bookmarked/saved; git diff --check passes; formal build unavailable	No remaining semantic gap in the final root-reachable denominator; formal CMake unit and Web builds remain unavailable in this environment
MP-F03-NCB-SURFACE-LEDGER	NCB local candidate denominator stable semantic IDs four-binary native evidence overlay independent registration/body dispositions and explicit owner-grouped unmapped set	motionplayer.dll + emoteplayer.dll	316 evidence rows with android_arm64 registrar callback constructor factory attach or inline disposition	316 evidence rows with android_armv7 registrar callback constructor factory attach or inline disposition	316 evidence rows with ios_arm64 registrar callback constructor factory attach or inline disposition	316 evidence rows with ios_armv7 registrar callback constructor factory attach or inline disposition	IMPLEMENTED	tools/motionsim/generate_local_ncb_inventory.py; tools/motionsim/generate_ncb_equivalence_ledger.py; analysis/motionplayer_ncb_equivalence.tsv; analysis/motionplayer_emoteplayer_ncb_surface.tsv	analysis/motionplayer_ncb_equivalence_ledger_2026-08-27.md; analysis/motionplayer_coverage_status_reconciliation_2026-08-27.md	316 candidate rows; 316 mapped 4/4; 0 UNMAPPED; unique IDs; no orphan evidence; exact owner sequence/name joins; all platform fields present; byte-identical regeneration; py_compile and git diff --check pass; formal build unavailable; stale status reconciled only after the cited downstream body owner container or root closure	No remaining semantic gap in the final root-reachable denominator; formal CMake unit and Web builds remain unavailable in this environment
MP-A12-SOURCECACHE-OBJSOURCE-NCB-SURFACE	SourceCache and ObjSource independent delayed subclass setup zero-argument constructor exact four/seven-row publication order descriptor kinds getter-only slots callback entries and Android arm64 combined-function disposition	motionplayer.dll	SourceCache wrapper@0x6FB504 setup@0x6FB668 registrar@0x6A5988; ObjSource wrapper@0x6FB9F0 setup@0x6FBB54 registrar@0x69A098	SourceCache wrapper@0x599738 setup@0x5B6A20 registrar@0x57B0DC; ObjSource wrapper@0x59977C setup@0x5B6CDC registrar@0x575028	SourceCache wrapper@0x100126064 setup@0x10014DF88 registrar@0x100100F90; ObjSource wrapper@0x1001260DC setup@0x10014E328 registrar@0x1000F8D30	SourceCache wrapper@0x12514C setup@0x14FC78 registrar@0xFE12A; ObjSource wrapper@0x125194 setup@0x150088 registrar@0xF5C48	IMPLEMENTED	cpp/plugins/motionplayer/main.cpp:90; cpp/plugins/motionplayer/main.cpp:103; analysis/motionplayer_ncb_equivalence.tsv	analysis/motionplayer_sourcecache_objsource_ncb_surface_four_binary_2026-08-27.md; analysis/motionplayer_coverage_status_reconciliation_2026-08-27.md	fresh full decompile/disassembly of 8 wrappers 8 delayed setups 8 registrars and 6 standalone constructor publishers; all callback function maps/xrefs; exact 4+7 names/order/kinds/null setter slots; local source already matches; formal build unavailable; stale status reconciled only after the cited downstream body owner container or root closure	No remaining semantic gap in the final root-reachable denominator; formal CMake unit and Web builds remain unavailable in this environment
MP-A13-RESOURCEMANAGER-NCB-SURFACE	ResourceManager independent subclass ClassInfo exact 13-row typed constructor inherited SourceCache callback reuse getter-only bufLayer and resource method publication surface	motionplayer.dll	wrapper@0x6FBEA4 setup@0x6FC014 registrar@0x6A8C9C constructor invoke@0x6E9A98 allocate-convert@0x6E9C88	wrapper@0x5997C0 setup@0x5B6F80 registrar@0x57C3A8 constructor publish@0x57C510 invoke@0x5A7DC0 allocate-convert@0x5A7F10	wrapper@0x100126154 setup@0x10014E6AC registrar@0x100102E88 constructor publish@0x100103030 invoke@0x10013A644 allocate-convert@0x10013A7D8	wrapper@0x1251DC setup@0x150480 registrar@0x1002FC constructor publish@0x10047C invoke@0x13A730 allocate-convert@0x13A8E4	IMPLEMENTED	cpp/plugins/motionplayer/main.cpp:529; analysis/motionplayer_ncb_equivalence.tsv	analysis/motionplayer_resourcemanager_ncb_surface_four_binary_2026-08-27.md; analysis/motionplayer_coverage_status_reconciliation_2026-08-27.md	fresh full decompile/disassembly of four wrappers setups registrars typed constructor publishers/invokes/construct-attach/argument conversion/Variant copy paths; exact callback function maps/xrefs; 13 names order kinds inherited address identity and null setter slots; local source already matches; formal build unavailable; stale status reconciled only after the cited downstream body owner container or root closure	No remaining semantic gap in the final root-reachable denominator; formal CMake unit and Web builds remain unavailable in this environment
MP-A14-D3DADAPTOR-NCB-SURFACE	D3DAdaptor independent delayed subclass ClassInfo exact 16-row Factory methods read-write properties no-op legacy methods and callback publication surface	motionplayer.dll	wrapper@0x6FC6D8 setup@0x6FC848 registrar@0x6AA274 factory@0x6AA8F8	wrapper@0x599848 setup@0x5B74C8 registrar@0x57CC58 factory publisher@0x57CE94 callback@0x57CEBC	wrapper@0x100126244 setup@0x10014EDB4 registrar@0x1001039A4 factory publisher@0x100103BDC callback@0x100103C30	wrapper@0x12526C setup@0x150C70 registrar@0x100D94 factory publisher@0x100FAC callback@0x100FD4	IMPLEMENTED	cpp/plugins/motionplayer/main.cpp:238; cpp/plugins/motionplayer/D3DAdaptor.cpp:43; analysis/motionplayer_ncb_equivalence.tsv	analysis/motionplayer_d3dadaptor_ncb_surface_four_binary_2026-08-27.md; analysis/motionplayer_coverage_status_reconciliation_2026-08-27.md	fresh full disassembly of four wrappers setups registrars and Factory callbacks; fresh decompile of four Factory callbacks and three publisher helpers; all 20 callback function maps; exact 16-row order kinds no-op equivalence classes and argc/Window/integer boundary; 14 simple bodies closed by MP-C14 and captureCanvas by MP-D14; IDBs named commented bookmarked saved; formal build unavailable; stale status reconciled only after the cited downstream body owner container or root closure	No remaining semantic gap in the final root-reachable denominator; formal CMake unit and Web builds remain unavailable in this environment
MP-A15-BEZIER-LAYER-EXTENSIONS-NCB-SURFACE	Layer attached stateless BezierPatch eight-row static geometry table and hook-backed MotionLayerExtensions two-property seven-method table exact attach lifecycle and callback publication surface	motionplayer.dll	MLE attach@0x6E217C detach@0x6E227C setup@0x6E2408 registrar@0x6A1204; Bezier attach@0x6E627C detach@0x6E630C setup@0x6E6428 registrar@0x6A195C	MLE attach@0x5A2D00 detach@0x5A2D60 setup@0x5A2DF8 registrar@0x578A6C; Bezier attach@0x5A51C0 detach@0x5A5244 setup@0x5A52C0 registrar@0x578C48	MLE attach@0x100133D68 detach@0x100133DCC setup@0x100133E2C registrar@0x1000FE030; Bezier attach@0x100136FA4 detach@0x10013700C setup@0x100137068 registrar@0x1000FE1F0	MLE attach@0x132FD0 detach@0x133088 setup@0x133144 registrar@0xFAFB0; Bezier attach@0x136B9C detach@0x136C50 setup@0x136D00 registrar@0xFB146	IMPLEMENTED	cpp/plugins/motionplayer/main.cpp:49; cpp/plugins/motionplayer/MotionLayerExtensions.h:11; cpp/plugins/motionplayer/MotionLayerExtensions.h:52; analysis/motionplayer_ncb_equivalence.tsv	analysis/motionplayer_bezier_layer_extensions_ncb_surface_four_binary_2026-08-27.md; analysis/motionplayer_coverage_status_reconciliation_2026-08-27.md	fresh full decompile/disassembly of eight registrars sixteen attach-unregister wrappers and eight setup paths; 19 callback maps including two Android arm64 internal entries; direct four-IDB UTF-16LE name verification; exact 8+9 order kinds hook versus stateless ownership; local source already matches; IDBs named commented bookmarked saved; py_compile deterministic regeneration TSV-width assertions and git diff --check pass; formal build unavailable; stale status reconciled only after the cited downstream body owner container or root closure	No remaining semantic gap in the final root-reachable denominator; formal CMake unit and Web builds remain unavailable in this environment
MP-A16-EMOTEPLAYER-NCB-SURFACE	EmotePlayer delayed subclass exact 73-row typed Variant Factory constants typed and direct-Engine methods raw callbacks read-write and read-only properties callback aliases and internal-entry dispositions	motionplayer.dll + emoteplayer.dll	wrapper@0x682FA0 setup@0x683528 registrar@0x67CEA8 Factory invoke@0x689CA4 construct@0x689D7C	wrapper@0x564E2C setup@0x56506C registrar@0x5612E8 Factory publisher@0x561C18 invoke@0x56A280 construct@0x56A310	wrapper@0x1001B8CD0 setup@0x1001B8FB8 registrar@0x1001B5130 Factory publisher@0x1001B5B20 invoke@0x1001C5F18 construct@0x1001C5FBC	wrapper@0x1B82B8 setup@0x1B8660 registrar@0x1B4DE0 Factory publisher@0x1B5712 invoke@0x1C3158 construct@0x1C31C8	IMPLEMENTED	cpp/plugins/motionplayer/main.cpp:405; cpp/plugins/motionplayer/EmotePlayer.cpp:511; analysis/motionplayer_emoteplayer_ncb_surface.tsv; analysis/motionplayer_ncb_equivalence.tsv	analysis/motionplayer_emoteplayer_ncb_surface_four_binary_2026-08-27.md; analysis/motionplayer_coverage_status_reconciliation_2026-08-27.md	fresh full 1698/617/564/695 registrar disassembly; four wrapper setup Factory invoke construct argument-native-build chains; exact 73 events 72 script names 12 raw callbacks property directions and aliases; 79 unique callback maps per platform; Android arm64 three internal/chunk entries; Android armv7 missing progress function defined and decompiled; local source already matches; D3D arm64 direction labels corrected by body evidence; IDBs named commented bookmarked saved; py_compile deterministic regeneration TSV-width assertions and git diff --check pass; formal build unavailable; stale status reconciled only after the cited downstream body owner container or root closure	No remaining semantic gap in the final root-reachable denominator; formal CMake unit and Web builds remain unavailable in this environment
MP-C14-D3DADAPTOR-SIMPLE-STATE-CLEAR	D3DAdaptor simple scalar and bool state six compatibility nullsubs software-texture ordered-map whole clear borrowed keys intrusive mapped holders and platform tree-destruction boundaries	motionplayer.dll	callbacks@0x6AAB84..0x6AAEE4; map erase-tree@0x6D8C38	callbacks@0x57CF64..0x57D0A8; clear/reset@0x59A8CE erase-tree@0x59A8EC destroy-node@0x59A918	callbacks@0x100103D3C..0x100103FA0; map erase-tree@0x1001285E4	callbacks@0x101128..0x101288; map erase-tree@0x127928 terminate-cleanup@0x1279B4	IMPLEMENTED	cpp/plugins/motionplayer/D3DAdaptor.h:49; cpp/plugins/motionplayer/D3DAdaptor.cpp:64; cpp/plugins/motionplayer/D3DAdaptor.cpp:69; tests/unit-tests/plugins/motionplayer-dll.cpp:10170; tests/unit-tests/plugins/motionplayer-dll.cpp:11277	analysis/motionplayer_d3dadaptor_simple_state_map_clear_four_binary_2026-08-27.md	four fresh complete callback bodies totaling 47/30/40/40 instructions and map helpers totaling 24/38/23/59; exact state offsets no-op bodies map traversal borrowed-key mapped-holder Release and armv7 terminate cleanup; local source already exact; IDBs named commented bookmarked saved; formal build unavailable	No remaining semantic gap in the final root-reachable denominator; formal CMake unit and Web builds remain unavailable in this environment
MP-D14-D3DADAPTOR-CAPTURE-CANVAS	D3DAdaptor captureCanvas pre-branch Layer conversion software resize and row-copy pitch boundaries GPU ApplyFont-only candidate selection texture ownership exchange replacement allocation and no-rollback exception edges	motionplayer.dll	captureCanvas@0x6AAD0C; ApplyFont@0x80C848 AssignTexture@0x8071A0	captureCanvas@0x57CF94; ApplyFont@0x634004 AssignTexture@0x6308A8	captureCanvas@0x100103DBC; ApplyFont@0x10007E854 AssignTexture@0x10007A164	captureCanvas@0x10116E; ApplyFont@0x7BD38 AssignTexture@0x772FC	IMPLEMENTED	cpp/plugins/motionplayer/D3DAdaptor.cpp:73; tests/unit-tests/plugins/motionplayer-dll.cpp:11236	analysis/motionplayer_d3dadaptor_capture_canvas_four_binary_2026-08-27.md	four fresh full 111/107/115/109-instruction callback bodies plus five shared Layer helper families; exact software/GPU split signed-int32 equal-pitch length size_t per-row length candidate AddRef AssignTexture Release reuse/create sequence and no-catch boundaries; removed non-reference IndependMainImage fixed LP64 rowBytes promotion and restored private-manager replacement; IDBs named commented bookmarked saved; formal build unavailable	No remaining semantic gap in the final root-reachable denominator; formal CMake unit and Web builds remain unavailable in this environment
MP-L14-D3DADAPTOR-LIFECYCLE	D3DAdaptor unique five-parameter constructor defaults map construction raw retained Window private-OpenGL target creation partial-construction leak reverse destruction map holder cleanup noexcept terminate and unguarded process-global shared lifetime	motionplayer.dll	ctor@0x6AAEF0 dtor@0x6AAFCC release-target@0x6AB058 shared-call@0x6D3540	ctor@0x57D0AC cleanup@0x57D11E dtor@0x57D12E cleanup@0x57D160 release-target@0x57D16E shared-call@0x597980	ctor@0x100103FA8 cleanup@0x100104060 dtor@0x1001040A0 cleanup@0x10010411C shared-call@0x100123E28	ctor@0x10128C cleanup@0x101376 dtor@0x1013BC cleanup@0x101470 shared-call@0x1230E4	IMPLEMENTED	cpp/plugins/motionplayer/D3DAdaptor.h:23; cpp/plugins/motionplayer/D3DAdaptor.cpp:21; cpp/plugins/motionplayer/D3DAdaptor.cpp:33; cpp/plugins/motionplayer/PlayerRenderInternal.cpp:779; tests/unit-tests/plugins/motionplayer-dll.cpp:99; tests/unit-tests/plugins/motionplayer-dll.cpp:8067	analysis/motionplayer_d3dadaptor_lifecycle_clear_four_binary_2026-08-27.md	four fresh full constructor and destructor bodies plus constructor-unwind map cleanup map-dtor release-target and destructor-terminate helpers; exact defaults field/order sole two-call-site closure private manager partial Window leak reverse ownership global publish/retry/no-dtor audit; removed non-reference default and two-stage initialize API; static constructor-shape assertions; Android armv7 cleanup chunks defined; IDBs named commented bookmarked saved; formal build unavailable	No remaining semantic gap in the final root-reachable denominator; formal CMake unit and Web builds remain unavailable in this environment
MP-D14-D3DADAPTOR-CLEAR	D3DAdaptor clearEnabled early gate two independent function-local static guards borrowed FillARGB method cached color parameter shared private OpenGL manager getter target-self in-place OperateRect empty source array and guard-abort platform boundary	motionplayer.dll	clear@0x6AB08C guard cleanup@0x6AB1DC/0x6AB1EC	clear@0x57D184 no explicit guard-abort landing	clear@0x100104130 cleanup@0x10010425C	clear@0x10149C cleanup@0x101638	IMPLEMENTED	cpp/plugins/motionplayer/D3DAdaptor.cpp:139; cpp/plugins/motionplayer/PlayerTimeline.cpp:321	analysis/motionplayer_d3dadaptor_lifecycle_clear_four_binary_2026-08-27.md	four fresh full 84/100/67/130-instruction bodies plus A64/i64/i32 guard-abort cleanup; exact independent guards retry stages borrowed method no exit dtor color conversion rectangle source-target identity empty sources disabled no-touch gate and private-manager identity; local source corrected; IDBs named commented bookmarked saved; formal build unavailable	No remaining semantic gap in the final root-reachable denominator; formal CMake unit and Web builds remain unavailable in this environment
MP-R14-MOTION-PRIVATE-OPENGL-ENVELOPE	Motion guarded process-lifetime private OpenGL manager exact UTF-16 root distinct from default software selector and DrawDevice cache plus D3DAdaptor capture-gated target-bind render envelope function owners dimensions offsets and unwind	motionplayer.dll	manager@0x6930E4 utf16@0x14BEF82 render@0x6AB204 deep@0x6AB39C	manager@0x570EA0 utf16@0xD76D26 render@0x57D2CC deep@0x57D3DC	manager@0x1000F3D90 utf16@0x10195D430 render@0x100104284 deep@0x100104450	manager@0xF0834 utf16@0x174F794 render@0x101680 cleanup@0x1017E6 deep@0x101850	IMPLEMENTED	cpp/plugins/motionplayer/MotionRenderBackend.h:15; cpp/plugins/motionplayer/MotionRenderBackend.cpp:21; cpp/plugins/motionplayer/D3DAdaptor.cpp:21; cpp/plugins/motionplayer/PlayerRenderTargets.cpp:934; cpp/plugins/motionplayer/PrivateMotionGLL.cpp:202	analysis/motionplayer_private_opengl_manager_d3d_render_envelope_four_binary_2026-08-27.md	four fresh manager getter and render-envelope decompiles plus complete 51/46/28/68 and 100/79/87/140 instruction streams and 43-instruction armv7 unwind; ASCII then UTF8/UTF16LE/UTF32LE byte search with all cursors done and exact boundaries/xrefs; 28 native consumers per platform; corrected default/private manager routing across target factory clear upload bind methods stencil triangles and Private GLL; IDBs named commented bookmarked saved; formal build unavailable	No remaining semantic gap in the final root-reachable denominator; formal CMake unit and Web builds remain unavailable in this environment
MP-R14-D3D-SOURCE-GETTER-MAP-INSERT	D3D source texture getter atlas and fallback ordering default-software bridge private OpenGL static upload raw-key intrusive-holder ordered map lookup emplace ABI variants reference asymmetry and failure boundaries	motionplayer.dll	source getter@0x6EE440 emplace@0x6EE778 predecessor@0x1480D30 link@0x1480ED0	source getter@0x5AC518 emplace@0x5AC700 position@0x5AC7A8 link@0x5AC800	source getter@0x10014019C lookup@0x1001403A8 emplace@0x1001403FC link@0x1001404E0	source getter@0x1414C0 cleanup@0x1416AC lookup@0x1416FC emplace@0x141736 link@0x1417B6	IMPLEMENTED	cpp/plugins/motionplayer/SourceCache.cpp:667; cpp/plugins/motionplayer/D3DAdaptor.h:117; cpp/plugins/motionplayer/D3DAdaptor.cpp:201; tests/unit-tests/plugins/motionplayer-dll.cpp:11288	analysis/motionplayer_d3d_source_getter_texture_map_insert_four_binary_2026-08-27.md	four fresh full source getter 160/157/118/196 and emplace 77/53/57/54 instruction bodies plus complete lookup link and 24-instruction armv7 unwind helpers; exact atlas/fallback/software order private manager static flag raw key holder AddRef hit borrow first-miss factory reference clear duplicate eager-versus-lazy node allocation null and throw boundary; local source already matched with owner comments added; IDBs named commented bookmarked saved; formal build unavailable	No remaining semantic gap in the final root-reachable denominator; formal CMake unit and Web builds remain unavailable in this environment
MP-R14-D3D-DEEP-BATCH-STENCIL	Shared D3D deep renderer D3DLayer caller two type-erased texture getters stencil reference and clip prepass item admission method selectors TriangleBatch asymmetric key flush GL stencil lifecycle live-target reentry and exception owners	motionplayer.dll	deep@0x6AB39C D3DLayer@0x6D3048 set@0x6D8C98 select@0x6D8E3C append@0x6D9290 alpha@0x6D9470 normal@0x6D9898 targetGetter@0x6EE8AC/0x6F3C28 sourceGetter@0x6F3BAC	deep@0x57D3DC D3DLayer@0x5976AC set@0x59A948 select@0x59AA38 append@0x59AD20 flush@0x59ADD8 alpha@0x59AE64 normal@0x59B1FC targetGetter@0x5AC830/0x5B05B8 sourceGetter@0x5B057A	deep@0x100104450 D3DLayer@0x100123970 set@0x1001286A4 select@0x1001287BC append@0x100128AFC flush@0x100128C08 alpha@0x100128D00 normal@0x100129134 targetGetter@0x1001405A0/0x1001460FC sourceGetter@0x100146084	deep@0x101850 cleanup@0x102284 D3DLayer@0x122C10 cleanup@0x122E3A set@0x127A1E select@0x127AF6 append@0x127DAA flush@0x127E6A alpha@0x127F38 normal@0x12827C targetGetter@0x141822/0x146608 sourceGetter@0x1465BE	IMPLEMENTED	cpp/plugins/motionplayer/Player.h:47; cpp/plugins/motionplayer/PlayerRenderTargets.cpp:246; cpp/plugins/motionplayer/PlayerRenderTargets.cpp:900; cpp/plugins/motionplayer/PlayerRenderTargets.cpp:959; cpp/plugins/motionplayer/MotionRenderBackend.h:70; cpp/plugins/motionplayer/MotionRenderBackend.cpp:284; cpp/plugins/motionplayer/MotionRenderBackend.cpp:463; cpp/plugins/motionplayer/MotionRenderBackend.cpp:735; tests/unit-tests/plugins/motionplayer-dll.cpp:7800	analysis/motionplayer_d3d_deep_renderer_batch_stencil_four_binary_2026-08-27.md	four fresh full 606/655/545/888 deep bodies 176-instruction armv7 cleanup 211/129/138/213 D3DLayer callers 98-instruction cleanup complete batch helpers 247/282/240/261 AlphaTest and 177/218/178/214 normal selectors target/source lambdas bad-function wrappers and 133/47/56/95 message-box wrappers; restored live target-pair callable parameter order strict RM leak unused software selector message box and uninitialized clip; removed non-reference trace; IDBs named commented bookmarked saved; formal build unavailable	No remaining semantic gap in the final root-reachable denominator; formal CMake unit and Web builds remain unavailable in this environment
MP-R14-D3D-MESH-SUBMIT-CELLS	Shared D3D mesh submit helper manual source texture ownership software repeat bitmap normalization and asymmetric band copy inclusive source coordinate vectors outer and mesh bounds half-open point admission strict cell AABB selected-cell vector six-vertex winding callback envelope and exception leak boundary	motionplayer.dll	main@0x69AFE4 repeat@0x69AE08 inline callback/landing chunks	main@0x575800 repeat@0x575688 inline callback	main@0x1000F974C repeat@0x1000F9570 callback@0x1000FA5F0	main@0xF685C cleanup@0xF736A repeat@0xF6650 cleanup@0xF6830 callback@0xF7780	IMPLEMENTED	cpp/plugins/motionplayer/MotionRenderBackend.cpp:35; cpp/plugins/motionplayer/MotionRenderBackend.cpp:503; tests/unit-tests/plugins/motionplayer-dll.cpp:7460	analysis/motionplayer_d3d_mesh_submit_repeat_cells_four_binary_2026-08-27.md	fresh four decompiles and complete 1829/871/787/1035 main instruction streams 119/127/114/174 repeat helpers 173+12 armv7 SjLj cleanups 23/25 iOS callback wrappers Android inline callback checks; exact manual AddRef explicit normal Release exception leak bitmap factory handoff half-open corner and strict AABB selection six-vertex winding and post-submit bounds commit; removed non-reference RAII and updated throw owner test; IDBs named commented bookmarked saved; formal build unavailable	No remaining semantic gap in the final root-reachable denominator; formal CMake unit and Web builds remain unavailable in this environment
MP-R14-BEZIER-BASIS-TESSELLATION	Process-global unsynchronized ordered cubic Bezier basis cache nested vector publication partial-entry poisoning signed division boundary and shared 4x4 patch tessellation y-major output 16-control-point scalar accumulation and caller-owned result vector	motionplayer.dll	basis@0x69DE30 cache@0x1AB50D0 init@0x42F1F8 tessellate@0x6D9138	basis@0x576C7C cache@0x1111630 init@0x3016E8 tessellate@0x59ABC8	basis@0x1000FB4A8 cache@0x101B695B8 init@0x10014FC74 tessellate@0x1001289AC	basis@0xF854C cache@0x187D300 init@0x151C98 tessellate@0x127C6C	IMPLEMENTED	cpp/plugins/motionplayer/main.cpp:38; cpp/plugins/motionplayer/MotionRenderBackend.h:19; cpp/plugins/motionplayer/MotionRenderBackend.cpp:195; cpp/plugins/motionplayer/MotionRenderBackend.cpp:230; tests/unit-tests/plugins/motionplayer-dll.cpp:6768	analysis/motionplayer_bezier_basis_tessellation_four_binary_2026-08-27.md	fresh full four basis decompiles and 167/142/107/124 instruction bodies plus four tessellation decompiles and 86/120/84/110 instruction bodies; exact six basis callers two tessellation callers and cache-global init xrefs; map hit/miss insertion-before-resize nested row partial poisoning division zero and negative boundaries INT_MAX optimizer divergence four scalar Bernstein products y-major x-minor 16-point non-FMA accumulation and sret caller ownership; restored signed-add-before-size source expression; IDBs functions/cache globals named commented bookmarked saved; formal build unavailable	No remaining semantic gap in the final root-reachable denominator; formal CMake unit and Web builds remain unavailable in this environment
MP-G11-PLAYER-PREPARED-PROJECTION	Player post-prepare sorted-main-list in-place float camera translation optional stereovision double projection paintBox sentinel rebuild exact geometry field selection ordered NaN comparisons trusted pointer and no-allocation partial-mutation boundary	motionplayer.dll	projection@0x6D2644	projection@0x596EB0	projection@0x100123038	projection@0x1220F0	IMPLEMENTED	cpp/plugins/motionplayer/PlayerRenderItems.cpp:190; cpp/plugins/motionplayer/PlayerRenderItems.cpp:242; cpp/plugins/motionplayer/PlayerRenderItems.cpp:1036; tests/unit-tests/plugins/motionplayer-dll.cpp:6930	analysis/motionplayer_player_prepared_projection_four_binary_2026-08-27.md	fresh four full decompiles and complete 253/327/228/335 instruction streams; exact main-list-only trusted pointer iteration fixed four corners composite point vector meshType1 actual mesh float offsets paintBox and viewport translation stereo ordered equality double projection non-FMA narrowing plus-minus FLT_MAX rebuild floor/ceil NaN behavior untouched command Bezier and viewport no projection; local source already matched; IDBs commented bookmarked saved; formal build unavailable	No remaining semantic gap in the final root-reachable denominator; formal CMake unit and Web builds remain unavailable in this environment
MP-G11-PLAYER-PREPARE-SORT-WRAPPER	Player prepareRenderItems motion-content gate exact neutral-color recursive-builder call main-only stable-sort trusted raw-pointer ordered-double comparator platform temporary-buffer owners thresholds and unwind boundaries	motionplayer.dll	wrapper@0x6D2544 comparator@0x6D22E0 landing@0x6D2628	wrapper@0x596DF0 comparator@0x596C28 adaptive buffer@0x5AFCF8	wrapper@0x100122F68 comparator@0x100122BF4 libc++ sort@0x100145458	wrapper@0x121FDC comparator@0x121C06 cleanup@0x1220C0	IMPLEMENTED	cpp/plugins/motionplayer/PlayerRenderItems.cpp:996	analysis/motionplayer_player_prepare_render_items_wrapper_sort_four_binary_2026-08-27.md	fresh four wrapper decompiles and complete 61/58/45/79 instruction streams four exact 5/8/5/8 comparator streams and complete 14-instruction armv7 SjLj cleanup; defined armv7 comparator internal entry; exact false no-touch gate 0xFF808080/false/false call main-only stable sort true-even-empty return libstdc++ adaptive and libc++ 128-element thresholds temporary pointer-buffer cleanup and NaN/null sharp boundaries; removed non-reference production logo sort trace snapshot allocations and logging; IDBs named commented bookmarked saved; formal build unavailable	No remaining semantic gap in the final root-reachable denominator; formal CMake unit and Web builds remain unavailable in this environment
MP-G11-PLAYER-APPEND-PREPARED-ITEMS	Player recursive prepared-item builder global cached color inheritance retained priority dispatch reverse unchecked deque selection particle and type3 recursion persistent node-owned item publication affine geometry main append raw-order type12 aux child flattening and partial-commit boundaries	motionplayer.dll	builder@0x6BF714 color/item/rect inline cleanup@0x6C0DDC..0x6C0ED8	builder@0x58B178 color@0x58BD1C ensureItem@0x58BDF0 rect@0x5902B0	builder@0x1001148F8 color@0x1001156D8 ensureItem@0x1001157BC rect@0x10011A8D8/0x100115840	builder@0x1123D8 cleanup@0x112F0C color@0x113040 ensureItem@0x113108 rect@0x118BE8/0x113160	IMPLEMENTED	cpp/plugins/motionplayer/PlayerRenderItems.cpp:500; cpp/plugins/motionplayer/RuntimeSupport.h:79	analysis/motionplayer_player_append_prepared_render_items_four_binary_2026-08-27.md	fresh four decompiles and complete 1507/944/820/1034 instruction bodies plus complete 111-instruction 44-call-site armv7 SjLj cleanup; full color helper lazy selective item constructor and rect transform helper audit; exact reverse priority uint32 wrap selected-only drawn reset particle and nested recursion ordinary field order stale mesh vectors root affine main-late commit and raw-order type12 aux/self/flatten pass; removed non-reference production path trace snapshot source-string allocation and sourceKey sidecar; IDBs named commented bookmarked saved; formal build unavailable	No remaining semantic gap in the final root-reachable denominator; formal CMake unit and Web builds remain unavailable in this environment
MP-L11-MOTIONNODE-PREPARED-ITEM-LIFETIME	Player destructor explicit parameter and variable-track clearing old-tree retained ResourceManager release suffix erase SeparateLayerAdaptor teardown node-deque root clear MotionNode-owned persistent PreparedRenderItem reverse destruction final deque storage release default shallow copy instantiation and suffix no-relocation boundary	motionplayer.dll	Player dtor@0x6CCEBC reset@0x6B2AD8 erase@0x6F11EC clear@0x6F174C node dtor@0x6F206C item dtor@0x6F21DC deque dtor@0x6CCD94	Player dtor@0x593C24 reset@0x581F3C erase@0x592F18/0x5AE7A8 clear@0x593EFC node dtor@0x5AF220 item dtor@0x5AF2D0 deque dtor@0x593BA8	Player dtor@0x10011F2A0 reset@0x100109ACC erase@0x10011DDB8 clear@0x10012A38C node/item dtor@0x10012A48C deque dtor@0x10012A344	Player dtor@0x11DCC4 cleanup@0x11DED6 reset@0x107358 cleanup@0x1076DA erase@0x11C6B4 clear@0x129004 node/item dtor@0x1290A6 deque dtor@0x128FDC	IMPLEMENTED	cpp/plugins/motionplayer/PlayerCore.cpp:185; cpp/plugins/motionplayer/PlayerMotionLoad.cpp:93; cpp/plugins/motionplayer/RuntimeSupport.cpp:30; cpp/plugins/motionplayer/RuntimeSupport.cpp:425; cpp/plugins/motionplayer/MotionNode.h:71; cpp/plugins/motionplayer/RuntimeSupport.h:69	analysis/motionplayer_motionnode_prepared_item_deque_lifetime_four_binary_2026-08-27.md	fresh four Player destructor decompiles and complete 311/99/101/175 instruction streams plus 108-instruction armv7 cleanup; fresh four reset and range-erase decompiles with 244/212/221/312 and 274/221/303/337 instruction counts; exact UTF16 releaseLayerId byte matches boundaries and xrefs; fresh clear deque/node/item destructor decompiles/disasm; restored variableLabelScopes.clear and nodes.clear; corrected root lifetime; IDBs named commented bookmarked saved; git diff check and nonempty 12-column coverage passed; formal build unavailable and standalone syntax blocked by missing dependency headers	No remaining semantic gap in the final root-reachable denominator; formal CMake unit and Web builds remain unavailable in this environment
MP-C13-RESOURCE-LAYER-ID-SET	ResourceManager ordered uint32 layer-id set RandomGenerator-before-sentinel constructor boundary retained state monotone wrapping next counter exact occupied skip insert-before-postincrement signed return suffix release erased count miss release-zero no-rewind data-race and STL destructor lifecycle	motionplayer.dll	ctor@0x6A5CAC dtor@0x6A5F74 require@0x6A8A74 release@0x6A8B30	ctor@0x57B1EC dtor@0x57B2E4 require@0x57C258 release@0x57C2C8	ctor@0x100101158 cleanup@0x10010120C dtor@0x10010126C require@0x100102D40 release@0x100102DB8	ctor@0xFE254 cleanup@0xFE344 dtor@0xFE3B4 require@0x100240 release@0x10028A	IMPLEMENTED	cpp/plugins/motionplayer/ResourceManager.h:90; cpp/plugins/motionplayer/ResourceManager.cpp:216; cpp/plugins/motionplayer/ResourceManager.cpp:514; cpp/plugins/motionplayer/ResourceManager.cpp:525; tools/motionsim/generate_ncb_equivalence_ledger.py:521	analysis/motionplayer_resourcemanager_layer_id_set_four_binary_2026-08-27.md	fresh four require and release decompiles plus complete 47/43/30/32 and 51/49/52/47 instruction streams; fresh four constructor/destructor decompiles and 177/63/44/93 plus 126/21/24/22 instruction streams; exact std set sentinel evaluation insert postincrement unsigned wrap suffix erase miss and release-zero boundaries; source shape tightened; NCB ledger regenerated deterministically from 110/20 to 108/22 pending/implemented; IDBs named commented bookmarked saved; formal build unavailable	No remaining semantic gap in the final root-reachable denominator; formal CMake unit and Web builds remain unavailable in this environment
MP-D13-RESOURCE-RANDOM-DISPATCH	ResourceManager persistent TJS RandomGenerator borrowed raw receiver same object and objthis exact UTF16 random member global hint zero-argument call ignored status stack result Variant AsReal conversion Void-zero no native fallback exception cleanup and concurrency boundary	motionplayer.dll	random@0x6A894C landing@0x6A8A60 utf16@0x14CC24C hint@0x1AB5300	random@0x57C1CC utf16@0xD7E5A0 hint@0x11117F8	random@0x100102C90 utf16@0x10195BE96 hint@0x101B697C8	random@0x1000F0 cleanup@0x1001B6 utf16@0x174E1FA hint@0x187D4C8	IMPLEMENTED	cpp/plugins/motionplayer/ResourceManager.cpp:666; cpp/plugins/motionplayer/ResourceManager.h:144; cpp/plugins/motionplayer/RuntimeSupport.cpp:213; tools/motionsim/generate_ncb_equivalence_ledger.py:521	analysis/motionplayer_resourcemanager_random_dispatch_four_binary_2026-08-27.md	fresh four decompiles and complete 73/48/37/72 instruction bodies plus complete 12-instruction armv7 SjLj cleanup; ASCII string-list and UTF8/UTF16LE/UTF32LE byte search with all cursors done exact UTF16 boundaries and callback refs; persistent borrowed receiver zero args same objthis ignored status result AsReal and RAII cleanup exact; IDB literal types hint globals comments bookmarks and saves improved; NCB deterministic regeneration moved pending/implemented from 108/22 to 107/23; formal build unavailable	No remaining semantic gap in the final root-reachable denominator; formal CMake unit and Web builds remain unavailable in this environment
MP-C13-RESOURCE-UNLOADALL-MAP-CLEAR	ResourceManager unloadAll pure loaded-module unordered-map clear retained outer buckets reverse KRKR Win PSB mapped-owner destruction inner texture Release node key bucket lifecycle empty-call STL divergence partial-destruction exception and data-race boundary	motionplayer.dll	callback internal entry@0x6A60D8 outer clear inline outer node@0x6D87C8 inner map dtors@0x6D8838/0x6D88DC	callback@0x57B32C clear@0x59A62C outer node@0x59A65A inner map dtors@0x59A68A/0x59A72E	callback@0x1001012CC clear@0x10013A138 outer node inline@0x1001282F0 inner map dtors@0x100128354/0x100128414	callback@0xFE3FE clear@0x13A246 outer node inline@0x127664 inner map dtors@0x12769E/0x12777C	IMPLEMENTED	cpp/plugins/motionplayer/ResourceManager.cpp:539; cpp/plugins/motionplayer/ResourceManager.h:72; tools/motionsim/generate_ncb_equivalence_ledger.py:521	analysis/motionplayer_resourcemanager_unload_all_map_clear_four_binary_2026-08-27.md	fresh four callback decompiles/disassemblies with 37/2/2/2 instructions and 17/22/20 helper bodies; fresh outer node/value and inner map mapped-entry destructor audit; exact pure clear retained outer bucket reverse mapped owner and texture Release chain; removed non-reference logger side effect; IDBs named commented bookmarked saved; deterministic NCB regeneration and strict TSV checks passed; formal build unavailable	No remaining semantic gap in the final root-reachable denominator; formal CMake unit and Web builds remain unavailable in this environment
MP-C13-RESOURCE-UNLOAD-SINGLE-NODE	ResourceManager unload placed-path normalization exact ttstr hash/equality single loaded-module node unlink retained outer buckets reverse KRKR Win PSB key node destruction miss no-op STL partial-destruction exception and data-race boundary	motionplayer.dll	callback@0x6A697C normalize@0x8EBC80 find-before@0x6E8CD4 erase@0x6E930C	callback@0x57B6F8 normalize@0x6B85DC find@0x5A7284/0x5A72CE erase@0x5A78B0/0x5A78E2	callback@0x100101A28 normalize@0x1001937AC find@0x100139AA8 erase/unlink@0x100139FBC/0x10013A02C	callback@0xFEC04 cleanup@0xFECCA normalize@0x1930B0 find@0x139CEC erase/unlink@0x13A0FC/0x13A148	IMPLEMENTED	cpp/plugins/motionplayer/ResourceManager.cpp:393; cpp/plugins/motionplayer/ResourceManager.h:101; tools/motionsim/generate_ncb_equivalence_ledger.py:521	analysis/motionplayer_resourcemanager_unload_single_node_four_binary_2026-08-27.md	fresh four full callback decompiles/disassemblies with 87/47/35/69 instructions and 12-instruction armv7 SjLj cleanup; fresh full four find and erase/unlink helper families; exact shared load/unload normalizer targets cached hash equality miss hit owner and retained bucket audit; ASCII string-list UTF8 UTF16LE UTF32LE logger-string searches all zero with complete cursors; removed non-reference logger and AsStdString side effects; IDBs named commented bookmarked saved; deterministic NCB regeneration and strict TSV checks passed; formal build unavailable	No remaining semantic gap in the final root-reachable denominator; formal CMake unit and Web builds remain unavailable in this environment
MP-D13-RESOURCE-LOAD-CACHE-VALIDATE-DISPATCH	ResourceManager load placed-path cache hit miss storage MDF Adopt strict root id spec version sticky spec pre-version mutation loaded-module operator[] default record rehash exception cleanup fresh PSBValueDispatch raw-owner retention null-cache and data-race boundaries	motionplayer.dll	callback@0x6A616C normalize@0x8EBC80 exists@0x8EB4C0 loadStorage@0x598918 transfer@0x598E44 dispatch@0x597EB4 map[]@0x6E8DC4	callback@0x57B338 normalize@0x6B85DC exists@0x6B8138 loadStorage@0x4DD0A0 transfer@0x4DD350 dispatch@0x4DCB50 map[]@0x5A7488	callback@0x1001012D8 normalize@0x1001937AC exists@0x100193128 loadStorage@0x1000ED468 transfer@0x1000ED8E4 dispatch@0x1000EC248 map[]@0x100101798	callback@0xFE40C cleanup@0xFE7C0 normalize@0x1930B0 exists@0x192A00 loadStorage@0xE9874 transfer@0xE9BE2 dispatch@0xE8874 map[]@0xFE940 insert-cleanup@0xFEBBA	IMPLEMENTED	cpp/plugins/motionplayer/ResourceManager.cpp:311; cpp/plugins/psbfile/PSBRawFile.cpp:433; cpp/plugins/psbfile/PSBRawFile.cpp:484; cpp/plugins/psbfile/PSBFile.cpp:21; tests/unit-tests/plugins/motionplayer-dll.cpp:27053; tools/motionsim/generate_ncb_equivalence_ledger.py:521	analysis/motionplayer_resourcemanager_load_cache_validate_dispatch_four_binary_2026-08-27.md	fresh four full 501/246/225/364-instruction callbacks plus complete 128-instruction 32-state armv7 cleanup; fresh full existence LoadStorage Transfer dispatch-constructor and map get-or-insert helper families including Android split constructors/rehash and armv7 insertion cleanup; exact hit/miss strict raw validation sticky spec pre-version mutation fresh facade raw-owner and exception owner audit; IDBs named commented bookmarked saved; deterministic ledger and strict TSV checks; formal build unavailable	No remaining semantic gap in the final root-reachable denominator; formal CMake unit and Web builds remain unavailable in this environment
MP-D13-RESOURCE-ISEXISTMOTION-DIRECT-SCAN	ResourceManager isExistMotion unchecked query split UTF-8 dynamic keys exact String project direct module lookup full-map fallback including repeated direct node strict fixed raw object motion reads dynamic contains gates temporary raw owners early return exception and data-race boundaries	motionplayer.dll	callback@0x6A6AD8 split@0x695114 narrow@0x5B5E7C find@0x6E8CD4 strict@0x599038 contains@0x5999B8	callback@0x57B780 split@0x571C50 narrow@0x4EF09C find@0x5A7284 strict@0x4DD49C contains@0x4DD918	callback@0x100101AC8 split@0x1000F52D0 narrow@0x100049494 find@0x100139AA8 strict@0x1000EDA48 contains@0x1000EDEF0	callback@0xFECF4 cleanup@0xFEFC2 split@0xF1D20 narrow@0xF0708 find@0x139CEC strict@0xE9D10 contains@0xEA120	IMPLEMENTED	cpp/plugins/motionplayer/ResourceManager.cpp:544; cpp/plugins/motionplayer/MotionDispatch.h:318; cpp/plugins/motionplayer/RuntimeSupport.cpp:446; tests/unit-tests/plugins/motionplayer-dll.cpp:27126; tools/motionsim/generate_ncb_equivalence_ledger.py:521	analysis/motionplayer_resourcemanager_is_exist_motion_direct_fallback_scan_four_binary_2026-08-27.md	fresh four full 500/187/178/273-instruction callbacks and complete 134-instruction 19-state armv7 cleanup; fresh full split narrow strict-getter and contains helper families; exact unchecked segment access prefix ignored project exact-type direct lookup full restart scan raw-owner strict dynamic gate and exception audit; IDBs named commented bookmarked saved; deterministic ledger and strict TSV checks; formal build unavailable	No remaining semantic gap in the final root-reachable denominator; formal CMake unit and Web builds remain unavailable in this environment
MP-L13-RESOURCE-FINDMOTION-DISPATCH-ARRAY	ResourceManager findMotion isExistMotion-compatible direct full scan final strict raw motion node fresh PSBValueDispatch exact two-element Array actual matched module key deque object string ownership first-emplacement publication leak Void miss exception and data-race boundaries	motionplayer.dll	callback@0x6A72B4 dispatch@0x597EB4 array@0x702098 object-emplace-slow@0x6E941C deque-map-grow@0x53453C	callback@0x57B9F8 dispatch@0x4DCB50 array@0x5BAA70 object-emplace@0x57BD88 key-emplace@0x4EA126	callback@0x100101E84 dispatch@0x1000EC248 array@0x10029FF58 object-emplace@0x1001023D0 key-emplace@0x1001024C4	callback@0xFF11C cleanup@0xFF514 dispatch@0xE8874 array@0x2A4A80 object-emplace@0xFF728 key-emplace@0xFF7E0	IMPLEMENTED	cpp/plugins/motionplayer/ResourceManager.cpp:591; cpp/plugins/motionplayer/RuntimeSupport.cpp:450; cpp/plugins/motionplayer/RuntimeSupport.h:206; cpp/plugins/psbfile/PSBFile.cpp:21; tests/unit-tests/plugins/motionplayer-dll.cpp:27126; tools/motionsim/generate_ncb_equivalence_ledger.py:521	analysis/motionplayer_resourcemanager_find_motion_dispatch_array_owner_four_binary_2026-08-27.md	fresh four full 791/262/255/396-instruction callbacks and complete 207-instruction 35-state armv7 cleanup; fresh full Array factory and object/string deque emplace/grow helper families; exact shared query direct/full scan final strict dispatch Array actual key closure refs STL blocks first-publication leak and Void audit; IDBs named commented bookmarked saved; deterministic ledger strict TSV and diff checks; formal build unavailable	No remaining semantic gap in the final root-reachable denominator; formal CMake unit and Web builds remain unavailable in this environment
MP-L13-RESOURCE-FINDSOURCE-BLANK-OBJSOURCE	ResourceManager findSource exact src blank branch UTF-16 keys unchecked segments dimensions direct module lookup strict source group icon raw navigation fresh texture-null ObjSource nonsticky adaptor Dictionary four String dimensions Integer marker memberensure hints partial commit leak exception and data-race boundaries	motionplayer.dll	callback@0x6A7F1C adaptor@0x6E9504 dictionary@0x9C6D40 split@0x695114 strict@0x599038 contains@0x5999B8	callback@0x57BDE0 adaptor@0x5A7A04 wrapper@0x57C178 dictionary@0x7384A8 set-string@0x4E24EC set-int@0x4E2568	callback@0x100102594 adaptor@0x10013A190 wrapper@0x100102AB4 dictionary@0x1000A7A38 set-string@0x100102B3C set-int@0x100102BD0	callback@0xFF890 cleanup@0xFFC8C adaptor@0x13A274 wrapper@0xFFE54 dictionary@0xA6900 set-string@0xFFF28 set-int@0xFFFF8	IMPLEMENTED	cpp/plugins/motionplayer/ResourceManager.cpp:406; cpp/plugins/motionplayer/ResourceManager.cpp:426; cpp/plugins/motionplayer/MotionDispatch.h:318; tests/unit-tests/plugins/motionplayer-dll.cpp:27090; tools/motionsim/generate_ncb_equivalence_ledger.py:521	analysis/motionplayer_resourcemanager_find_source_blank_objsource_owner_four_binary_2026-08-27.md	fresh four full 646/262/227/374-instruction callbacks and complete 175-instruction 29-state armv7 cleanup; fresh full adaptor core and wrapper Dictionary factory String/Integer setter families; UTF16LE raw byte searches for src blank width height originX originY across all four with complete cursors and callback xrefs; exact branch unchecked key direct map strict dynamic gates facade attachment dictionary types hints partial commit and leak audit; IDBs named commented bookmarked saved; deterministic ledger strict TSV and diff checks; formal build unavailable	No remaining semantic gap in the final root-reachable denominator; formal CMake unit and Web builds remain unavailable in this environment
MP-L12-SOURCECACHE-LOAD-CLEAR-BUFLAYER	SourceCache loadSource composite key hit color-change miss pre-insert trim bake packed software tint persistent scratch Layer std list Entry copy erase clear invalidation getter owner exception and wrap boundaries with exact ResourceManager callback reuse	motionplayer.dll	load entry@0x6A4F88 clear entry@0x6A5818 getter@0x6A58DC trim@0x6A3EE0 bake@0x6A3FC0 tint@0x6A48F8 node@0x6E8040	load@0x57ACC8 clear@0x57B018 getter@0x57B060 identity@0x57A0AC trim@0x57A106 bake@0x57A168 tint@0x57A754 node@0x5A67DE	load@0x1001009AC clear@0x100100F10 getter@0x100100F84 identity@0x1000FF9D4 trim@0x1000FFA1C bake@0x1000FFB24 tint@0x10010032C list@0x100100E54	load@0xFDB50 clear@0xFE0D4 getter@0xFE11A identity@0xFCC9C trim@0xFCCD2 bake@0xFCD68 tint@0xFD4B4 list@0xFDFB0	IMPLEMENTED	cpp/plugins/motionplayer/SourceCache.h:54; cpp/plugins/motionplayer/SourceCache.cpp:131; cpp/plugins/motionplayer/SourceCache.cpp:485; cpp/plugins/motionplayer/SourceCache.cpp:508; cpp/plugins/motionplayer/SourceCache.cpp:716; cpp/plugins/motionplayer/SourceCache.cpp:733; cpp/plugins/motionplayer/SourceCache.cpp:743; cpp/plugins/motionplayer/SourceCache.cpp:815; tests/unit-tests/plugins/motionplayer-dll.cpp:15957; tests/unit-tests/plugins/motionplayer-dll.cpp:16039; tests/unit-tests/plugins/motionplayer-dll.cpp:16175; tests/unit-tests/plugins/motionplayer-dll.cpp:16375; tests/unit-tests/plugins/motionplayer-dll.cpp:16721; tools/motionsim/generate_ncb_equivalence_ledger.py:414	analysis/motionplayer_sourcecache_load_clear_buflayer_four_binary_2026-08-27.md	fresh complete four callback/helper/list-family audit including Android arm64 763-instruction combined range and three independent callback families; exact indeterminate color slots identity no-promotion copy-erase pre-insert signed-wrap trim draw/tint/scratch data flow RGB half divisor Alpha fixed 255 clear partial commit and getter CopyRef; local already matched; IDBs named commented bookmarked saved; formal build unavailable	No remaining semantic gap in the final root-reachable denominator; formal CMake unit and Web builds remain unavailable in this environment
MP-L12-OBJSOURCE-GETTERS-DRAW-TEXTURE	ObjSource strict origin width height category fallback fresh clip Dictionary full wide member names draw Layer conversion lazy texture RL8 RL32 palette BGRA Bitmap Texture publication adaptor destructor PSB owner and exception boundaries	motionplayer.dll	getters@0x69A3F4/0x69A4B8/0x69A57C/0x69A65C clip@0x69A73C draw@0x69AAB8 ensure@0x6D7834 dtor@0x6E145C RL8@0x6D7B70 RL32@0x6D7CF0	getters@0x57511C/0x575180/0x5751E4/0x575258 clip@0x5752CC draw@0x5754E4 ensure-entry@0x599A34 dtor@0x5A1EE8 RL8@0x599BEA RL32@0x571DA4	getters@0x1000F8E88/0x1000F8EEC/0x1000F8F50/0x1000F8FD0 clip@0x1000F9050 draw@0x1000F930C ensure@0x10012686C dtor@0x100132A60 RL8@0x1000F5510 RL32@0x1000F5474	getters@0xF5D4C/0xF5E04/0xF5EBC/0xF5F8C clip@0xF605C draw@0xF63C0 ensure@0x125D4C dtor@0x131AF8 RL8@0xF1F6A RL32@0xF1F10	IMPLEMENTED	cpp/plugins/motionplayer/SourceCache.h:101; cpp/plugins/motionplayer/SourceCache.cpp:241; cpp/plugins/motionplayer/SourceCache.cpp:266; cpp/plugins/motionplayer/SourceCache.cpp:307; cpp/plugins/motionplayer/SourceCache.cpp:315; cpp/plugins/motionplayer/SourceCache.cpp:340; cpp/plugins/motionplayer/SourceCache.cpp:467; tests/unit-tests/plugins/motionplayer-dll.cpp:15780; tools/motionsim/generate_ncb_equivalence_ledger.py:418	analysis/motionplayer_objsource_getters_clip_draw_decode_texture_lifetime_four_binary_2026-08-27.md	fresh four complete six-callback audit plus 378/internal277/224/360-instruction lazy texture bodies three EH cleanup families RL8/RL32 helpers adaptor vtable owner-clear and source destructor; UTF16LE raw-byte searches for left top right bottom across all four with all cursors done and callback xrefs; exact strict gates decode palette bitmap texture direct publication leak and destructor order; corrected evidence comment only; IDBs named commented bookmarked saved; formal build unavailable	No remaining semantic gap in the final root-reachable denominator; formal CMake unit and Web builds remain unavailable in this environment
MP-C16-PLAYER-SHAPE-AABB	Player updateLayers phase3 nonroot parent-before-gate type7 active projected fixed-radius rectangle parent clip intersection pointer publication and diagnostic-free boundary	motionplayer.dll	Player_updateLayersPhase3_ShapeAABB_guess@0x6BB0A0 115 instructions	Player_updateLayersPhase3_ShapeAABB_guess@0x587978 164 instructions	Player_updateLayersPhase3_ShapeAABB_guess@0x100110B20 112 instructions	Player_updateLayersPhase3_ShapeAABB_guess@0x10E274 143 instructions	IMPLEMENTED	cpp/plugins/motionplayer/PlayerUpdateGeometry.cpp:668; cpp/plugins/motionplayer/PlayerUpdateGeometry.cpp:701; tests/unit-tests/plugins/motionplayer-dll.cpp:22355	analysis/motionplayer_player_shape_aabb_four_binary_2026-08-27.md	fresh four full phase decompiles and complete 115/164/112/143 disassemblies all cursors done; exact parent-before-gate deque boundary double projection float publication parent clipping NaN order and no-call diagnostic audit; removed non-reference path snapshot label stderr and node-index sidecar; IDBs named commented bookmarked saved; formal build unavailable	No remaining semantic gap in the final root-reachable denominator; formal CMake unit and Web builds remain unavailable in this environment
MP-C17-PLAYER-CALC-BOUNDS	Player calcBounds retained ResourceManager lifetime recursive particle-before-done and type3 child paths ordinary source mask composite all-point transformed fixed16 and fallback four-corner floor ceil float-double publication diagnostic-free boundary	motionplayer.dll	Player_calcBounds_guess@0x6C10E4 480 instructions	Player_calcBounds_guess@0x58BE38 402 instructions	Player_calcBounds_guess@0x100115C68 332 instructions	Player_calcBounds_guess@0x11354C 433 instructions	IMPLEMENTED	cpp/plugins/motionplayer/PlayerRenderItems.cpp:321; cpp/plugins/motionplayer/MotionNode.h:89; cpp/plugins/motionplayer/NodeTree.cpp:255; cpp/plugins/motionplayer/RuntimeSupport.cpp:373; tests/unit-tests/plugins/motionplayer-dll.cpp:6930	analysis/motionplayer_player_calc_bounds_four_binary_2026-08-27.md	fresh four full decompiles and complete 480/402/332/433 disassemblies all cursors done; exact whole-call ResourceManager owner particle Array owner recursive publication masks vector priority fixed reads floor ceil narrowing NaN and unwind audit; removed non-reference path per-node and Player logs then deleted all-consumer-free compiled node ordinal; IDBs named commented bookmarked saved; formal build unavailable	No remaining semantic gap in the final root-reachable denominator; formal CMake unit and Web builds remain unavailable in this environment
MP-C18-PLAYER-NATIVE-CTOR-DTOR-OWNER-LEDGER	Player complete native constructor source-order members containers three ResourceManager CopyRefs descriptor colors publication exact defaults seven intentionally untouched POD slots synthetic-root frontier constructor rollback and normal destructor reverse-owner ledger	motionplayer.dll	Player_ctor_guess@0x6CC110 593 instructions dtor@0x6CCEBC 311 instructions	Player_ctor_guess@0x5935C4 281 instructions dtor@0x593C24 99 instructions	Player_ctor_guess@0x10011EC04 226 instructions dtor@0x10011F2A0 101 instructions	Player_ctor_guess@0x11D488 499 instructions dtor@0x11DCC4 175 instructions cleanup 108	IMPLEMENTED	cpp/plugins/motionplayer/PlayerCore.cpp:105; cpp/plugins/motionplayer/PlayerCore.cpp:171; cpp/plugins/motionplayer/Player.h:1310; cpp/plugins/motionplayer/Player.h:1390; cpp/plugins/motionplayer/Player.h:1420; cpp/plugins/motionplayer/Player.h:1470; cpp/plugins/motionplayer/Player.h:1530; cpp/plugins/motionplayer/Player.h:1560; cpp/plugins/motionplayer/RuntimeSupport.cpp:373	analysis/motionplayer_player_native_ctor_dtor_owner_ledger_four_binary_2026-08-27.md	fresh four full native ctor decompiles and complete 593/281/226/499 disassemblies all cursors done plus exact four caller-family xrefs; cross-audited prior full destructor reset node item deque ledger; exact source order RM owners dictionaries defaults seven uninitialized slots root publication local owner release rollback and normal reverse destruction; removed non-reference logger and PRTDIAG side effects; IDBs commented bookmarked saved; formal build unavailable	No remaining semantic gap in the final root-reachable denominator; formal CMake unit and Web builds remain unavailable in this environment
MP-C19-PLAYER-FIND-SOURCE-FOR-NODE	Player timeline source resolver leaking strict ResourceManager dispatch context snapshot backed-src blank and spec route Win cache KRKR handoff generic findSource strict property owners partial SourceState publication five callers and diagnostic-free exception boundary	motionplayer.dll	Player_findSourceForNode_guess@0x691CC8 1191 instructions	Player_findSourceForNode_guess@0x570500 676 instructions	Player_findSourceForNode_guess@0x1000F316C 586 instructions	Player_findSourceForNode_guess@0xEF97C 952 instructions	IMPLEMENTED	cpp/plugins/motionplayer/PlayerResource.cpp:665; cpp/plugins/motionplayer/PlayerResource.cpp:689; cpp/plugins/motionplayer/PlayerResource.cpp:760; cpp/plugins/motionplayer/PlayerResource.cpp:807; cpp/plugins/motionplayer/PlayerFrameProgress.cpp:664; cpp/plugins/motionplayer/PlayerUpdateLayerEval.cpp:979	analysis/motionplayer_player_find_source_for_node_four_binary_2026-08-27.md; analysis/motionplayer_krkr_atlas_imagepacker_four_binary_2026-08-27.md	UTF16LE blank unique four byte searches all cursors done; fresh four full root decompiles and complete 1191/676/586/952 disassemblies all cursors done plus exact five-caller xrefs; exact leak owner routing Win cache KRKR handoff raw status strict property partial store and unwind audit; removed non-reference path conversions narrow formatting and logger sidecars; downstream KRKR atlas helper closed by MP-C30; IDBs named commented bookmarked saved; formal build unavailable	No remaining semantic gap in the final root-reachable denominator; formal CMake unit and Web builds remain unavailable in this environment
MP-C20-PLAYER-VERTEX-MESH-PHASE	Player updateLayers phase3 complete parent mesh chain dirty propagation combined 4x4 patch affine quad inverse inherited tessellation forced-visible callbacks processed uint32 count owner and diagnostic-free helper boundary	motionplayer.dll	Player_updateLayersPhase3_VertexComputation_guess@0x6B98D0 1265 instructions	Player_updateLayersPhase3_VertexComputation_guess@0x5866F8 1108 instructions	Player_updateLayersPhase3_VertexComputation_guess@0x10010F6AC 961 instructions	Player_updateLayersPhase3_VertexComputation_guess@0x10CE30 1297 instructions	IMPLEMENTED	cpp/plugins/motionplayer/PlayerUpdateGeometry.cpp:153; cpp/plugins/motionplayer/PlayerUpdateGeometry.cpp:204; cpp/plugins/motionplayer/PlayerUpdateGeometry.cpp:296; cpp/plugins/motionplayer/PlayerUpdateGeometry.cpp:344; cpp/plugins/motionplayer/PlayerUpdateGeometry.cpp:393; cpp/plugins/motionplayer/PlayerUpdateGeometry.cpp:534; tests/unit-tests/plugins/motionplayer-dll.cpp:22355	analysis/motionplayer_player_vertex_mesh_phase_four_binary_2026-08-27.md	fresh four full phase decompiles and complete 1265/1108/961/1297 disassemblies all cursors done; exact property owner mesh chain dirty combine size exception fixed16 inverse W32 division ancestor count mirror callback and unwind audit; removed non-reference self-check diagnostics; corrected stale boundary by moving all-node delta pass to updateLayers root C15/C29; IDBs named commented bookmarked saved; formal build unavailable	No remaining semantic gap in the final root-reachable denominator; formal CMake unit and Web builds remain unavailable in this environment
MP-C21-PLAYER-CAMERA-CONSTRAINT-PHASE	Player updateLayers phase3 nonpreview type9 live raw-label-or-root target flip-remapped nine axis modes minimum direct maximum reduction priority nonzero dirty and all-nonroot accumulated translation boundary	motionplayer.dll	Player_updateLayersPhase3_CameraConstraint_guess@0x6B93E0 314 instructions	Player_updateLayersPhase3_CameraConstraint_guess@0x586228 370 instructions	Player_updateLayersPhase3_CameraConstraint_guess@0x10010F22C 270 instructions	Player_updateLayersPhase3_CameraConstraint_guess@0x10CA04 319 instructions	IMPLEMENTED	cpp/plugins/motionplayer/PlayerUpdateGeometry.cpp:8; cpp/plugins/motionplayer/PlayerUpdateGeometry.cpp:35; cpp/plugins/motionplayer/PlayerUpdateGeometry.cpp:130; cpp/plugins/motionplayer/PlayerUpdateGeometry.cpp:143; tests/unit-tests/plugins/motionplayer-dll.cpp:22355	analysis/motionplayer_player_camera_constraint_phase_four_binary_2026-08-27.md	fresh four full phase decompiles and complete 314/370/270/319 disassemblies all cursors done; exact preview count gate raw-label fallback flip remap nine accumulator ordered FP direct maximum minimum priority dirty and second-loop publication audit; local already matched; IDBs named commented bookmarked saved; formal build unavailable	No remaining semantic gap in the final root-reachable denominator; formal CMake unit and Web builds remain unavailable in this environment
MP-C22-MOTIONNODE-VISIBLE-ANCESTOR-POINTER	MotionNode visibility parent-first borrowed raw visible-ancestor pointer producer cross-Player type3 and particle child-root forwarding prepared-item parentItem consumer null self stale lifetime and no-index topology	motionplayer.dll	visibility@0x6BACBC 81 motion-sub@0x6BB4A0 833 particle-system@0x6BC4BC 1290 builder@0x6BF714 1507	visibility@0x58762C 89 motion-sub@0x587E00 760 particle-system@0x588A48 1234 builder@0x58B178 944	visibility@0x1001107BC 66 motion-sub@0x100110EEC 709 particle-system@0x100111D08 1112 builder@0x1001148F8 820	visibility@0x10DF88 64 motion-sub@0x10E68C 921 particle-system@0x10F51C 1452 builder@0x1123D8 1034	IMPLEMENTED	cpp/plugins/motionplayer/MotionNode.h:338; cpp/plugins/motionplayer/PlayerUpdateLayersInternal.h:334; cpp/plugins/motionplayer/PlayerUpdateGeometry.cpp:537; cpp/plugins/motionplayer/PlayerUpdateChildMotion.cpp:353; cpp/plugins/motionplayer/PlayerUpdateParticles.cpp:308; cpp/plugins/motionplayer/PlayerRenderItems.cpp:672; cpp/plugins/motionplayer/PlayerRenderItems.cpp:787; cpp/plugins/motionplayer/RuntimeSupport.h:138; tests/unit-tests/plugins/motionplayer-dll.cpp:14638; tests/unit-tests/plugins/motionplayer-dll.cpp:18193	analysis/motionplayer_visible_ancestor_pointer_pipeline_four_binary_2026-08-27.md	fresh four visibility producer decompiles and complete 81/89/66/64 disassemblies; fresh four complete particle-system 1290/1234/1112/1452 and prepared-builder 1507/944/820/1034 bodies plus prior same-turn complete motion-sub 833/760/709/921 evidence; exact pointer offsets cross-Player forwarding direct consumer partial commit self stale and nonowner lifetime audit; restored raw pointer and deleted integer sidecars; tests updated; IDBs named commented bookmarked saved; formal build unavailable	No remaining semantic gap in the final root-reachable denominator; formal CMake unit and Web builds remain unavailable in this environment
MP-C23-PLAYER-CAMERA-NODE-PHASE	Player updateLayers phase3 first active type5 camera winner hasCamera reset backed raw-target focus fallback float-narrow projected root delta root-Player affine plus-half toward-zero offsets cameraActive FOV position sticky target and normalized angle	motionplayer.dll	Player_updateLayersPhase3_CameraNode_guess@0x6BAE08 164 instructions	Player_updateLayersPhase3_CameraNode_guess@0x587748 154 instructions	Player_updateLayersPhase3_CameraNode_guess@0x1001108C4 151 instructions	Player_updateLayersPhase3_CameraNode_guess@0x10E048 149 instructions	IMPLEMENTED	cpp/plugins/motionplayer/PlayerUpdateGeometry.cpp:555; cpp/plugins/motionplayer/PlayerUpdateGeometry.cpp:568; cpp/plugins/motionplayer/PlayerUpdateGeometry.cpp:580; cpp/plugins/motionplayer/PlayerUpdateGeometry.cpp:598; cpp/plugins/motionplayer/PlayerUpdateLayersInternal.h:306; tests/unit-tests/plugins/motionplayer-dll.cpp:19885	analysis/motionplayer_player_camera_node_phase_four_binary_2026-08-27.md	fresh four full phase decompiles and complete 164/154/151/149 disassemblies all cursors done; exact first-winner gates backed label focus fallback float narrowing root affine quantization cameraActive sticky target atan2 normalization and malformed FP audit; local already matched; IDBs named commented bookmarked saved; formal build unavailable	No remaining semantic gap in the final root-reachable denominator; formal CMake unit and Web builds remain unavailable in this environment
MP-C24-PLAYER-SHAPE-GEOMETRY-PHASE	Player updateLayers phase3 nonroot type1 active-slot-not-done type-first partial HitData point circle rect quad writes negative-scale unknown-kind retention native quad FP grouping and diagnostic-free boundary	motionplayer.dll	Player_updateLayersPhase3_ShapeGeometry_guess@0x6BB274 138 instructions	Player_updateLayersPhase3_ShapeGeometry_guess@0x587BAC 160 instructions	Player_updateLayersPhase3_ShapeGeometry_guess@0x100110CE0 127 instructions	Player_updateLayersPhase3_ShapeGeometry_guess@0x10E46C 145 instructions	IMPLEMENTED	cpp/plugins/motionplayer/PlayerUpdateGeometry.cpp:665; cpp/plugins/motionplayer/PlayerUpdateLayersInternal.h:495; cpp/plugins/motionplayer/HitTestInternal.h:12; cpp/plugins/motionplayer/MotionNode.h:362; tests/unit-tests/plugins/motionplayer-dll.cpp:22221	analysis/motionplayer_player_shape_geometry_phase_four_binary_2026-08-27.md	fresh four full phase decompiles and complete 138/160/127/145 disassemblies all cursors done; exact root exclusion active-slot unchecked gate type-first partial slot ownership fixed16 negative scale unknown retention optimized quad grouping ABI alignment and no-call boundary audit; local already matched; IDBs named commented bookmarked saved; formal build unavailable	No remaining semantic gap in the final root-reachable denominator; formal CMake unit and Web builds remain unavailable in this environment
MP-A30-D3DEMOTEPLAYER-SURFACE-FACTORY-CLONE-TODO	D3DEmotePlayer independent D3DLayerListener hierarchy 4 constants 54-member NCB surface typed factory primary-only clone raw-owner destructor vtable callbacks and seven intentional TODO leaves	DrawDeviceD3D.dll / D3DEmotePlayer	registrar@0x52E8E4 1309 factory@0x542B44 89 clone@0x53039C 41 dtor@0x533FE0 36 TODO cluster@0x530530..0x530F08	registrar@0x494078 478 factory@0x4A4080 78 clone@0x4949D4 16 dtor@0x497870 12 TODO cluster@0x494AC4..0x4950D0	registrar@0x100232278 432 factory@0x100245DC0 67 clone@0x100232DC8 19 dtor@0x100236374 12 TODO cluster@0x100232F08..0x100233524	registrar@0x230F46 539 factory@0x2465B8 115 clone@0x2319DC 54 dtor@0x235076 12 TODO cluster@0x231B4E..0x2322CC	IMPLEMENTED	cpp/plugins/DrawDeviceD3D.cpp:786; cpp/plugins/DrawDeviceD3D.cpp:1753; cpp/plugins/motionplayer/EmotePlayer.h:304; cpp/plugins/motionplayer/EmotePlayer.h:442; cpp/plugins/motionplayer/EmotePlayer.cpp:132; cpp/plugins/motionplayer/EmotePlayer.cpp:210; cpp/plugins/motionplayer/EmotePlayer.cpp:239; cpp/plugins/motionplayer/EmotePlayer.cpp:257; cpp/plugins/motionplayer/EmotePlayer.cpp:343; cpp/plugins/motionplayer/EmotePlayer.cpp:487	analysis/motionplayer_d3demoteplayer_surface_factory_clone_todo_four_binary_2026-08-27.md	fresh four registration roots class setups member registrars factories clones TODO leaves complete/deleting destructors and IsVisible/Draw decompiles; complete 1309/478/432/539 registrar pagination plus every task-local function disassembly done; UTF16LE exact TODO searches and xrefs; exact 0x38/0x24 layout 4 constants 54 order one-Void sentinel primary-only clone leak window secondary-primary teardown and no-return TODO audit; local matched without semantic edit; IDBs renamed commented bookmarked saved	No task-local static gap; runtime and global denominator verification remain tracked under MP-F03..F07 and MP-V01..V16
MP-A31-DRAWDEVICED3D-SEVEN-CLASS-NCB-SURFACES	DrawDeviceD3D.dll seven concrete script classes exact order independent NCB identities six complete registrars raw and typed factories zero-argument module constructor and D3DEmotePlayer cross-slice surface	DrawDeviceD3D.dll	Draw/D3D/Layer/Image/Picture/Module registrars@0x52A618/0x52BC18/0x52CE8C/0x52D768/0x52DCE0/0x52E388 factories@0x52B654/0x52CC54/0x52D308/0x52D98C/0x53F140/0x5416A8	registrars@0x492790/0x492F10/0x49345C/0x493950/0x493BBC/0x493E54 factories@0x492BFC/0x49337C/0x49361C/0x4939F8/0x4A1014/0x4A3060	registrars@0x10023070C/0x100230FF0/0x100231618/0x100231AFC/0x100231DD0/0x100232078 factories@0x100230C88/0x10023156C/0x1002317E8/0x100231BE8/0x10024227C/0x100244A08	registrars@0x22F622/0x22FDFA/0x230408/0x230932/0x230B86/0x230DB0 factories@0x22FB28/0x230300/0x230594/0x2309DC/0x2420A0/0x244EF8	IMPLEMENTED	cpp/plugins/DrawDeviceD3D.cpp:1258; cpp/plugins/DrawDeviceD3D.cpp:1288; cpp/plugins/DrawDeviceD3D.cpp:1336; cpp/plugins/DrawDeviceD3D.cpp:1442; cpp/plugins/DrawDeviceD3D.cpp:1490; cpp/plugins/DrawDeviceD3D.cpp:1614; cpp/plugins/DrawDeviceD3D.cpp:1652; cpp/plugins/DrawDeviceD3D.cpp:1675; cpp/plugins/DrawDeviceD3D.cpp:1697; cpp/plugins/DrawDeviceD3D.cpp:1708; cpp/plugins/DrawDeviceD3D.cpp:1731; cpp/plugins/DrawDeviceD3D.cpp:1753; tests/unit-tests/plugins/motionplayer-dll.cpp:8781; tests/unit-tests/plugins/motionplayer-dll.cpp:9655; tests/unit-tests/plugins/motionplayer-dll.cpp:9857; tests/unit-tests/plugins/motionplayer-dll.cpp:15354	analysis/motionplayer_drawdevice_d3d_ncb_surfaces_four_binary_2026-08-27.md; analysis/motionplayer_d3demoteplayer_surface_factory_clone_todo_four_binary_2026-08-27.md; analysis/motionplayer_drawdevice_d3d_dependency_root_four_binary_2026-08-27.md	fresh four static class roots six member registrars and all factory/constructor families decompiled; complete 24 registrar disassemblies plus task-local factory disassemblies all done; exact 68-name UTF16LE matrix with no missing patterns; exact class order shared 33-name root surface independent identities Layer constants Image/Picture/Module surfaces arity sentinel surplus attach failure and default audit; local matched without semantic edit; IDBs renamed commented bookmarked saved	No task-local static gap; global all-registration denominator remains MP-A32 and runtime verification remains MP-V
MP-A32-REGISTRATION-STRINGS-ARGUMENTS-BINDINGS	Final four-root registration denominator exact UTF16LE spelling case owner sequence descriptor kind binding target required and optional arguments defaults surplus sentinel and platform disposition	motionplayer.dll + emoteplayer.dll + DrawDeviceD3D.dll + DrawDeviceD3DZ.dll	494-row aggregate from four-target address-bearing NCB evidence plus fresh DrawDeviceD3D registrar factory and raw-string matrix	494-row aggregate from four-target address-bearing NCB evidence plus fresh DrawDeviceD3D registrar factory and raw-string matrix	494-row aggregate from four-target address-bearing NCB evidence plus fresh DrawDeviceD3D registrar factory and raw-string matrix	494-row aggregate from four-target address-bearing NCB evidence plus fresh DrawDeviceD3D registrar factory and raw-string matrix	IMPLEMENTED	analysis/motionplayer_registration_contracts.tsv; tools/motionsim/generate_local_ncb_inventory.py; tools/motionsim/generate_ncb_equivalence_ledger.py; tools/motionsim/generate_registration_contracts.py; cpp/plugins/motionplayer/main.cpp; cpp/plugins/DrawDeviceD3D.cpp	analysis/motionplayer_registration_strings_arguments_bindings_final_reconciliation_2026-08-27.md; analysis/motionplayer_ncb_equivalence_ledger_2026-08-27.md; analysis/motionplayer_drawdevice_d3d_ncb_surfaces_four_binary_2026-08-27.md; analysis/motionplayer_d3demoteplayer_surface_factory_clone_todo_four_binary_2026-08-27.md; analysis/motionplayer_emoteplayer_module_decrypt_root_four_binary_2026-08-27.md	regenerated 316 local 316 native 316 merged zero-unmapped ledgers and 494 unique final contracts; strict raw constructor factory owner-set assertions; all four platform fields and evidence reports nonempty; exact D3D 68-name UTF16LE matrix and complete registrars; explicit 18 raw optional-default matrix typed no-script-default rule class module dynamic injected and internal identity rows; no semantic edit; git diff check passed	No task-local static gap; MP-A03 module loading mechanism and global function object verification remain independent
MP-A03-MODULE-LOADER-PLUGINS-AUTOLOAD-REGISTERED-SET	ASCII-only module-key normalization append-only three-line NCB index LoadModule commit boundary Plugins link unlink getList autoload discovery sort full-key load count snapshot and global container teardown	core plugin loader + four integrated module roots	LoadModule@0x548E24/0x701DE8 AllRegist@0x548EAC internal@0x548D04 autoload@0x907618 Plugins@0x908570 count@0x1AF12C0	LoadModule@0x4A9648/0x5BA8E8 AllRegist@0x4A96A0 internal@0x4A9598 autoload@0x6C77BC Plugins@0x6C7D68 count@0x1142A60	LoadModule@0x100287B38/0x10029FDE4 AllRegist@0x100287B8C internal@0x100287ACC autoload@0x1003F1CD4 Plugins@0x1003F20EC count@0x101B97428	LoadModule@0x28A8A4/0x2A48FC AllRegist@0x28A950 internal@0x28A7DC autoload@0x3D923C Plugins@0x3D96E0 count@0x18A62C8	IMPLEMENTED	cpp/core/plugin/ncbind.cpp:18; cpp/core/plugin/ncbind.hpp:2133; cpp/core/plugin/PluginImpl.cpp:38; cpp/core/plugin/PluginImpl.cpp:78; cpp/core/plugin/PluginImpl.cpp:99; cpp/core/plugin/PluginImpl.cpp:110; cpp/core/plugin/PluginImpl.cpp:299; cpp/core/tjs2/tjsString.cpp:90	analysis/motionplayer_module_loader_plugins_autoload_registered_set_four_binary_2026-08-27.md	fresh four outer and inner LoadModule AllRegist internal-load autoload Plugins creator/link/unlink/getList scanner lower helper global initializer/destructor and sort-comparator decompiles; complete task-local disassemblies with all cursors done; UTF16LE raw string searches and full global xref denominators; exact exception commit short-name and platform suffix boundaries; local matched without semantic edit; IDBs renamed commented bookmarked saved	No task-local static gap; formal build unit and browser verification remain independent MP-V work
MP-L04-PLAYER-NONPOLYMORPHIC-PAYLOAD-ADAPTOR-VTABLE	Player payload vtable virtual surface complete deleting destructor and multiple-inheritance-thunk absence plus separate polymorphic ncbInstanceAdaptor Player shell virtual lifetime	motionplayer.dll / Motion.Player	Player ctor@0x6CC110 dtor@0x6CCEBC adaptor vtable@0x1A1EDF8 Invalidate@0x6FB3DC complete@0x6FB420 deleting@0x6FB480	Player ctor@0x5935C4 dtor@0x593C24 adaptor vtable@0x10BD108 combined entries@0x5B6948/0x5B694C/0x5B6974	Player ctor@0x10011EC04 dtor@0x10011F2A0 adaptor vtable@0x101AE6EF8 Invalidate@0x10014DDE8 complete@0x10014DDEC deleting@0x10014DE30	Player ctor@0x11D488 dtor@0x11DCC4 adaptor vtable@0x1835408 Invalidate@0x14FAF4 complete@0x14FAF8 deleting@0x14FB24	IMPLEMENTED	cpp/plugins/motionplayer/Player.h:119; cpp/plugins/motionplayer/PlayerCore.cpp:173; cpp/core/plugin/ncbind.hpp:121; cpp/plugins/motionplayer/main.cpp:279	analysis/motionplayer_player_nonpolymorphic_payload_adaptor_vtable_four_binary_2026-08-27.md; analysis/motionplayer_player_native_ctor_dtor_owner_ledger_four_binary_2026-08-27.md; analysis/motionplayer_player_ncb_surface_and_constructor_four_binary_2026-08-26.md	fresh four constructor prefix and ordinary-destructor decompiles/disassemblies; complete ctor and dtor instruction ledgers; full ctor/dtor code-and-data xref denominators; raw adaptor vtable bytes and every Invalidate complete deleting internal/shared helper entry; exact no-vptr no-data-xref no-indirect-call no-this-adjust evidence; local matched without semantic edit; IDBs renamed commented bookmarked saved	No task-local static gap; cross-object AddRef Release and all-object totals remain MP-L16/MP-V13
MP-L05-EMOTEOBJECT-ENGINE-PLAYER-OWNER-CHAIN	EmoteObject raw ResourceManager and EmoteEngine owners temporary sticky refcount shell borrowed RM EmoteEngine single Player and seven-controller owner prefix teardown clone sharing and constructor-failure frontiers	emoteplayer.dll + DrawDeviceD3D.dll	EmoteObject ctor/dtor/clone@0x67AF8C/0x67C800/0x67CD58 Engine ctor/dtor@0x67B76C/0x67C898 Player@0x6CC110/0x6CCEBC	EmoteObject ctor/dtor/clone@0x5604B8/0x5610BE/0x5611FC Engine ctor/dtor@0x560948/0x5610E8 Player@0x5935C4/0x593C24	EmoteObject ctor/dtor/clone@0x1001B4984/0x1001B5058/0x1001B50A4 Engine ctor/dtor@0x1001B7FB0/0x1001B8B4C Player@0x10011EC04/0x10011F2A0	EmoteObject ctor/dtor/clone@0x1B4500/0x1B4CCE/0x1B4CFC Engine ctor/dtor@0x1B7788/0x1B814E Player@0x11D488/0x11DCC4	IMPLEMENTED	cpp/plugins/motionplayer/EmotePlayer.h:59; cpp/plugins/motionplayer/EmotePlayer.cpp:50; cpp/plugins/motionplayer/EmoteEngine.h:414; cpp/plugins/motionplayer/EmoteEngine.cpp:866; cpp/plugins/motionplayer/Player.h:119; cpp/plugins/motionplayer/PlayerCore.cpp:36; cpp/core/plugin/ncbind.hpp:121	analysis/motionplayer_emoteobject_engine_player_owner_chain_four_binary_2026-08-27.md; analysis/motionplayer_player_native_ctor_dtor_owner_ledger_four_binary_2026-08-27.md; analysis/motionplayer_d3demoteplayer_surface_factory_clone_todo_four_binary_2026-08-27.md	fresh four EmoteObject and EmoteEngine constructor ordinary-destructor clone decompiles and complete disassemblies all cursors done plus complete Player ledgers; full ctor/dtor xref denominators; exact raw unique refcount borrowed publication rollback teardown clone and reentry owner graph; local matched without semantic edit; IDBs deterministically renamed commented bookmarked saved	No task-local static gap; controller element state-transfer and global owner totals remain MP-L08/MP-L14/MP-R21/MP-L16/MP-V13
MP-L06-EMOTEPLAYER-FACADE-VS-D3D-SHELL-TOPOLOGY	Motion.EmotePlayer direct Engine-sized facade versus independent D3DEmotePlayer D3DLayerListener shell lazy primary-secondary EmoteObject owner topology factory publication teardown clone and resource ownership	emoteplayer.dll + DrawDeviceD3D.dll	direct factory@0x689D7C build@0x689E94 Engine@0x67B76C; D3D factory@0x542B44 clone@0x53039C dtor@0x533FE0	direct factory@0x56A310 Engine@0x560948; D3D factory@0x4A4080 clone@0x4949D4 dtor@0x497870	direct factory@0x1001C5FBC Engine@0x1001B7FB0; D3D factory@0x100245DC0 clone@0x100232DC8 dtor@0x100236374	direct factory@0x1C31C8 build@0x1C3310 Engine@0x1B7788; D3D factory@0x2465B8 clone@0x2319DC dtor@0x235076	IMPLEMENTED	cpp/plugins/motionplayer/EmotePlayer.h:59; cpp/plugins/motionplayer/EmotePlayer.h:102; cpp/plugins/motionplayer/EmotePlayer.h:304; cpp/plugins/motionplayer/EmotePlayer.cpp:50; cpp/plugins/motionplayer/EmotePlayer.cpp:487; cpp/plugins/motionplayer/main.cpp:405; cpp/plugins/DrawDeviceD3D.cpp:786; cpp/plugins/DrawDeviceD3D.cpp:1753	analysis/motionplayer_emoteplayer_facade_vs_d3d_shell_owner_topology_four_binary_2026-08-27.md; analysis/motionplayer_emoteobject_engine_player_owner_chain_four_binary_2026-08-27.md; analysis/motionplayer_emoteplayer_ncb_surface_four_binary_2026-08-27.md; analysis/motionplayer_d3demoteplayer_surface_factory_clone_todo_four_binary_2026-08-27.md	fresh four direct and D3D factory decompiles with complete 68/62/51/87 and 89/78/67/115 disassemblies all cursors done; Engine ctor two-producer xref denominator; exact independent registration allocation field owner publication attach teardown clone reentry and RM topology matrix; local matched without semantic edit; IDBs topology-commented bookmarked saved	No task-local static gap; controller elements and state-transfer exceptions remain MP-L08/MP-L14/MP-R21
MP-L07-EMOTEENGINE-SEVEN-DIRECT-CONTROLLER-OWNERS	EmoteEngine seven Position Scale Color Angle Bust Hair Parts direct-controller single owners construction publication no live-pointee replacement queue append-versus-replace ordinary teardown raw-array failure leaks and slot-null timing	motionplayer.dll + emoteplayer.dll	Engine ctor/dtor@0x67B76C/0x67C898 Var ctor/dtor/setTarget@0x664410/0x680E88/0x6646E0 Angle setTarget@0x663870	Engine ctor/dtor@0x560948/0x5610E8 Var ctor/dtor/owner-reset/setTarget@0x554180/0x563536/0x56351C/0x5542B0 Angle setTarget@0x553AD4	Engine ctor/dtor@0x1001B7FB0/0x1001B8B4C Var ctor/dtor/setTarget@0x1001A4AD0/0x1001C46DC/0x1001A4C44 Angle setTarget@0x1001A4308	Engine ctor/dtor@0x1B7788/0x1B814E Var ctor/unwind/dtor/setTarget@0x1A3FEC/0x1A40DE/0x1C1D62/0x1A418C Angle setTarget@0x1A3798	IMPLEMENTED	cpp/plugins/motionplayer/EmoteEngine.h:787; cpp/plugins/motionplayer/EmoteEngine.cpp:804; cpp/plugins/motionplayer/EmoteEngine.cpp:839; cpp/plugins/motionplayer/EmoteEngine.cpp:884; cpp/plugins/motionplayer/EmoteVarController.h:54; cpp/plugins/motionplayer/EmoteVarController.cpp:14; cpp/plugins/motionplayer/EmoteVarController.cpp:72; cpp/plugins/motionplayer/EmoteVarController.cpp:117; cpp/plugins/motionplayer/EmoteAngleController.cpp:82	analysis/motionplayer_emoteengine_seven_direct_controller_owners_four_binary_2026-08-27.md; analysis/motionplayer_emoteobject_engine_player_owner_chain_four_binary_2026-08-27.md; analysis/motionplayer_emoteplayer_primary_flow_raw_setters_four_binary_2026-08-27.md; analysis/motionplayer_emoteplayer_timeline_selector_queries_four_binary_2026-08-27.md	fresh four Engine ctor/dtor Var ctor/dtor/setTarget and Angle setTarget decompiles plus complete 848/304/187/318 Engine ctor 304/71/97/99 Engine dtor and all controller-function disassemblies cursors done; exact seven-slot order sizes publication non-replacement reverse teardown internal raw owner leak replace append NaN infinity and EH boundaries; local matched without semantic edit; IDBs renamed corrected commented bookmarked saved	No task-local static gap; controller element copy move EH and global state owner totals remain MP-L08/MP-L14/MP-R21/MP-L16/MP-V13
MP-L08-CONTROLLER-CONTAINER-ELEMENT-OWNER-PUBLICATION	Ten EmoteEngine metadata deque element families internal spring controller mesh-resolver heap owners selector transition and wind borrows POD type-index resolver publication failure partial-commit reset and normal teardown	motionplayer.dll + emoteplayer.dll	builders@0x6683F8/0x668DB0/0x669B5C/0x669F7C/0x66A39C/0x66A8A4/0x66ACDC/0x66B860/0x66C23C reset@0x666D08 clears@0x6800DC..0x6810A4	builders@0x55659C/0x556B84/0x55739C/0x557618/0x557894/0x557B84/0x557E04/0x558440/0x55892C reset@0x555AD8 clears@0x5629A4..0x563718	builders@0x1001A7DDC/0x1001A87C0/0x1001A91F4/0x1001A9540/0x1001A988C/0x1001A9C9C/0x1001AA030/0x1001AAA8C/0x1001AB0A8 reset@0x1001A67BC clears@0x1001B7164..0x1001B7B5C	builders@0x1A730C/0x1A7DCC/0x1A8800/0x1A8B68/0x1A8ED0/0x1A9314/0x1A96D8/0x1AA158/0x1AA760 reset@0x1A5F4C clears@0x1B6D4E..0x1B7432	IMPLEMENTED	cpp/plugins/motionplayer/EmoteEngine.h:219; cpp/plugins/motionplayer/EmoteEngine.h:725; cpp/plugins/motionplayer/EmoteEngine.cpp:946; cpp/plugins/motionplayer/EmoteEngine.cpp:1771; cpp/plugins/motionplayer/EmoteEngine.cpp:1896; cpp/plugins/motionplayer/EmoteEngine.cpp:2038; cpp/plugins/motionplayer/EmoteEngine.cpp:2328; cpp/plugins/motionplayer/EmoteBlinkController.h:35; cpp/plugins/motionplayer/EmoteMeshResolver.h:30; cpp/plugins/motionplayer/EmoteSelectorController.h:24; cpp/plugins/motionplayer/EmoteSpring.h:85; tests/unit-tests/plugins/motionplayer-dll.cpp:11427; tests/unit-tests/plugins/motionplayer-dll.cpp:12355; tests/unit-tests/plugins/motionplayer-dll.cpp:28324	analysis/motionplayer_controller_container_element_owner_publication_four_binary_2026-08-27.md; analysis/motionplayer_emoteengine_seven_direct_controller_owners_four_binary_2026-08-27.md; analysis/motionplayer_emoteplayer_primary_flow_raw_setters_four_binary_2026-08-27.md; analysis/motionplayer_emoteplayer_timeline_selector_queries_four_binary_2026-08-27.md	fresh four nine builder families reset functions seven pointee constructor families and nine clear/range-destructor families decompiled plus complete untruncated disassemblies; exact ten element strides nested resolver/container owners raw handoff leak windows sparse POD resolver selector-transition and wind borrows publication partial commit reset/dtor order; local matched without semantic edit; 100 IDB functions renamed and task comments/bookmarks saved	No task-local static gap; state-transfer global/static and cross-object refcount totals remain MP-L14/MP-L15/MP-L16
MP-L13-D3D-ADAPTOR-LISTENER-TEXTURE-MANAGED-LIFECYCLE	D3DAdaptor retained Window target and ordered software texture map D3DLayerObject borrowed listener list root Front Back Managed pointer trees owning Modules map D3DImage managed publication borrowed native view and owner-first teardown boundaries	motionplayer.dll + DrawDeviceD3D.dll	root dtor@0x53244C layer ctor@0x5333F0 listener add/remove@0x531184/0x5311C8 image factory/dtor@0x52D98C/0x5336F4 adaptor ctor/dtor@0x6AAEF0/0x6AAFCC	root dtor@0x49606C layer ctor@0x496990 listener add/remove@0x495286/0x4952AC image factory/dtor@0x4939F8/0x496F60 adaptor ctor/dtor@0x57D0AC/0x57D12E	root dtor@0x100233E1C layer ctor@0x1002355B4 listener add/remove@0x1002336C8/0x100233720 image factory/dtor@0x100231BE8/0x100235CFC adaptor ctor/dtor@0x100103FA8/0x1001040A0	root dtor@0x232B14 layer ctor@0x2342B4 listener add/remove@0x232572/0x23259A image factory/dtor@0x2309DC/0x234AD8 adaptor ctor/dtor@0x10128C/0x1013BC	IMPLEMENTED	cpp/plugins/DrawDeviceD3DIntf.h:28; cpp/plugins/DrawDeviceD3D.cpp:190; cpp/plugins/DrawDeviceD3D.cpp:337; cpp/plugins/DrawDeviceD3D.cpp:744; cpp/plugins/DrawDeviceD3D.cpp:786; cpp/plugins/DrawDeviceD3D.cpp:1062; cpp/plugins/DrawDeviceD3D.cpp:1415; cpp/plugins/motionplayer/D3DAdaptor.h:22; cpp/plugins/motionplayer/D3DAdaptor.cpp:21; cpp/plugins/motionplayer/D3DAdaptor.cpp:199; tests/unit-tests/plugins/motionplayer-dll.cpp:9943; tests/unit-tests/plugins/motionplayer-dll.cpp:11277	analysis/motionplayer_d3d_adaptor_listener_texture_managed_lifecycle_four_binary_2026-08-27.md; analysis/motionplayer_d3dadaptor_lifecycle_clear_four_binary_2026-08-27.md; analysis/motionplayer_d3d_source_getter_texture_map_insert_four_binary_2026-08-27.md; analysis/motionplayer_drawdevice_d3d_dependency_root_four_binary_2026-08-27.md; analysis/motionplayer_d3demoteplayer_surface_factory_clone_todo_four_binary_2026-08-27.md	fresh four root primary destructors LayerObject constructors listener add/remove D3DEmote destructors D3DImage factories/destructors and D3DAdaptor ctor/dtor decompiled plus complete untruncated disassemblies; raw vtable address points recovered add/remove and image lifecycle entries; exact list multiset set map node/pointee ownership publication partial commit owner-first dangling borrowed-view and texture-holder boundaries; local matched without semantic edit; IDBs renamed commented bookmarked saved	No task-local static gap; background caption manager containers global caches and all-object refcounts remain MP-C12/MP-L15/MP-L16
MP-C25-PLAYER-MOTION-SUB-PHASE	Player updateLayers phase3 complete preview-gated type3 child replay teardown queued time crossfade angle modes origin root transform topology recursive update pending-event prepend owner partial-commit and malformed boundaries	motionplayer.dll	Player_updateLayersPhase3_MotionSubNode_guess@0x6BB4A0 833 instructions	Player_updateLayersPhase3_MotionSubNode_guess@0x587E00 760 instructions	Player_updateLayersPhase3_MotionSubNode_guess@0x100110EEC 709 instructions	Player_updateLayersPhase3_MotionSubNode_guess@0x10E68C 921 instructions	IMPLEMENTED	cpp/plugins/motionplayer/PlayerUpdateChildMotion.cpp:10; cpp/plugins/motionplayer/PlayerUpdateChildMotion.cpp:15; cpp/plugins/motionplayer/PlayerUpdateChildMotion.cpp:33; cpp/plugins/motionplayer/PlayerUpdateChildMotion.cpp:49; cpp/plugins/motionplayer/PlayerUpdateChildMotion.cpp:72; cpp/plugins/motionplayer/PlayerUpdateChildMotion.cpp:103; cpp/plugins/motionplayer/PlayerUpdateChildMotion.cpp:148; cpp/plugins/motionplayer/PlayerUpdateChildMotion.cpp:276; cpp/plugins/motionplayer/PlayerUpdateChildMotion.cpp:332; cpp/plugins/motionplayer/PlayerUpdateChildMotion.cpp:348; cpp/plugins/motionplayer/RuntimeSupport.h:165; tests/unit-tests/plugins/motionplayer-dll.cpp:22288	analysis/motionplayer_player_motion_sub_phase_four_binary_2026-08-27.md	fresh four full phase decompiles and complete 833/760/709/921 disassemblies all cursors done; exact child resolution teardown replay split owner queue time sync angle offset modes interpolation origin setters counterintuitive matrix gate inherited raw pointers recursion event prepend and malformed/FP/EH audit; local already matched after C14/C22 diagnostic cleanups; IDBs commented bookmarked saved; formal build unavailable	No remaining semantic gap in the final root-reachable denominator; formal CMake unit and Web builds remain unavailable in this environment
MP-C26-PLAYER-PARTICLE-EMITTER-PHASE	Player updateLayers phase3 complete preview-gated type6 emitter invalid identity teardown retained source equality zero-flags accumulation parameter-or-frameTick reset timer model trigger target delta crossfade derivative platform profile and partial-commit boundaries	motionplayer.dll	root@0x6BC1B0 193 instructions derivative@0x6BE920 78 instructions	root@0x588820 172 instructions derivative@0x58A978 96 instructions	root@0x100111A6C 167 instructions derivative@0x100113ECC 70 instructions	root@0x10F2CC 178 instructions derivative@0x1118B0 88 instructions	IMPLEMENTED	cpp/plugins/motionplayer/PlayerUpdateParticles.cpp:113; cpp/plugins/motionplayer/PlayerUpdateParticles.cpp:145; cpp/plugins/motionplayer/PlayerUpdateParticles.cpp:157; cpp/plugins/motionplayer/PlayerUpdateParticles.cpp:174; cpp/plugins/motionplayer/PlayerUpdateParticles.cpp:188; cpp/plugins/motionplayer/PlayerUpdateParticles.cpp:204; cpp/plugins/motionplayer/PlayerUpdateParticles.cpp:209; cpp/plugins/motionplayer/PlayerUpdateLayersInternal.h:79; tests/unit-tests/plugins/motionplayer-dll.cpp:13556; tests/unit-tests/plugins/motionplayer-dll.cpp:22386	analysis/motionplayer_player_particle_emitter_phase_four_binary_2026-08-27.md	fresh four full phase roots and complete 193/172/167/178 disassemblies plus fresh four derivative helpers and complete 78/96/70/88 disassemblies all cursors done; exact early retention zero-flag identity timer pointer trigger stale outputs interpolation publication owner EH and ARMv7 unordered profile audit; local already matched; helpers named and root/helper IDBs commented bookmarked saved; formal build unavailable	No remaining semantic gap in the final root-reachable denominator; formal CMake unit and Web builds remain unavailable in this environment
MP-C27-PLAYER-PARTICLE-SYSTEM-PHASE	Player updateLayers phase3 complete preview-gated type4 active-slot and Array snapshots existing-child delta-controller transform inheritance emission frequency count source selection child construction random distributions velocity damping Array publication two-pass deletion recursive stepping owner and malformed boundaries	motionplayer.dll	root@0x6BC4BC 1290 instructions worker@0x6BEB84 220 getter@0x6BEA58 63	root@0x588A48 1234 instructions worker@0x58AB50 167 getter@0x58AAB0 47	root@0x100111D08 1112 instructions worker@0x1001140C8 163 getter@0x100113FE4 37	root@0x10F51C 1452 instructions worker@0x111AF8 228 getter@0x1119DC 70	IMPLEMENTED	cpp/plugins/motionplayer/PlayerUpdateParticles.cpp:248; cpp/plugins/motionplayer/PlayerUpdateParticles.cpp:324; cpp/plugins/motionplayer/PlayerUpdateParticles.cpp:339; cpp/plugins/motionplayer/PlayerUpdateParticles.cpp:355; cpp/plugins/motionplayer/PlayerUpdateParticles.cpp:418; cpp/plugins/motionplayer/PlayerUpdateParticles.cpp:485; cpp/plugins/motionplayer/PlayerUpdateParticles.cpp:498; cpp/plugins/motionplayer/PlayerUpdateParticles.cpp:568; cpp/plugins/motionplayer/PlayerUpdateParticles.cpp:606; cpp/plugins/motionplayer/PlayerUpdateParticles.cpp:653; cpp/plugins/motionplayer/PlayerUpdateParticles.cpp:770; cpp/plugins/motionplayer/PlayerUpdateParticles.cpp:846; cpp/plugins/motionplayer/MotionNodeBridge.cpp:43; tests/unit-tests/plugins/motionplayer-dll.cpp:13143; tests/unit-tests/plugins/motionplayer-dll.cpp:13203; tests/unit-tests/plugins/motionplayer-dll.cpp:13277; tests/unit-tests/plugins/motionplayer-dll.cpp:13343; tests/unit-tests/plugins/motionplayer-dll.cpp:13478; tests/unit-tests/plugins/motionplayer-dll.cpp:25253	analysis/motionplayer_player_particle_system_phase_four_binary_2026-08-27.md	fresh four full roots and complete 1290/1234/1112/1452 disassemblies plus fresh four workers 220/167/163/228 and strict child bridges 63/47/37/70 all cursors done; exact slot/receiver snapshots child delta transform emission RNG child/adaptor/source owners Array publication worker deletion recursion event and malformed/FP/EH audit; corrected accumulated-vs-delta structure and unknown-coordinate branch, updated and added tests; IDBs named commented bookmarked saved; formal build unavailable	No remaining semantic gap in the final root-reachable denominator; formal CMake unit and Web builds remain unavailable in this environment
MP-C28-PLAYER-ANCHOR-NODE-PHASE	Player updateLayers phase3 complete type10 live internal-render source partial publication unsimplified feedback damp angle scale slant transform-order root matrix opacity position carried-uninitialized RGB packed-color asymmetric residual owner and malformed boundaries	motionplayer.dll	root@0x6BD908 498 instructions transform@0x696D20 105	root@0x589C00 528 instructions transform@0x572F80 129	root@0x100113024 437 instructions transform@0x1000F6A7C 106	root@0x110908 552 instructions transform@0xF36BC 131	IMPLEMENTED	cpp/plugins/motionplayer/PlayerUpdateAnchor.cpp:5; cpp/plugins/motionplayer/PlayerUpdateAnchor.cpp:8; cpp/plugins/motionplayer/PlayerUpdateAnchor.cpp:13; cpp/plugins/motionplayer/PlayerUpdateAnchor.cpp:19; cpp/plugins/motionplayer/PlayerUpdateAnchor.cpp:25; cpp/plugins/motionplayer/PlayerUpdateAnchor.cpp:42; cpp/plugins/motionplayer/PlayerUpdateAnchor.cpp:49; cpp/plugins/motionplayer/PlayerUpdateAnchor.cpp:66; cpp/plugins/motionplayer/PlayerUpdateAnchor.cpp:75; cpp/plugins/motionplayer/PlayerUpdateAnchor.cpp:95; cpp/plugins/motionplayer/PlayerUpdateAnchor.cpp:100; cpp/plugins/motionplayer/PlayerUpdateAnchor.cpp:111; cpp/plugins/motionplayer/PlayerUpdateAnchor.cpp:120; cpp/plugins/motionplayer/PlayerUpdateLayersInternal.h:175; cpp/plugins/motionplayer/PlayerUpdateLayersInternal.h:195; cpp/plugins/motionplayer/PlayerUpdateLayersInternal.h:625; tests/unit-tests/plugins/motionplayer-dll.cpp:19757	analysis/motionplayer_player_anchor_node_phase_four_binary_2026-08-27.md	fresh four full roots and complete 498/528/437/552 disassemblies plus fresh four transform-order helpers 105/129/106/131 all cursors done; exact assign-images gate source owner partial publication damp FP operation order matrix root inheritance opacity position uninitialized carry color sentinel channel-scale bugs and EH audit; local already matched; IDBs named commented bookmarked saved; formal build unavailable	No remaining semantic gap in the final root-reachable denominator; formal CMake unit and Web builds remain unavailable in this environment
MP-C29-PLAYER-UPDATE-LAYERS-PHASE1-PHASE2	Player updateLayers complete phase1 camera velocity root controller previous-position variable tracks root matrix phase2 unchecked parent timeline evaluation persistent delta Bezier world ground opacity inherit matrix all-node delta boundary owner and malformed behavior	motionplayer.dll	root@0x6B871C 685 evaluator@0x696EC4 634 var@0x6B9200 120 deform@0x698254 221 ground@0x6B7DF0 332	root@0x5856E0 764 evaluator@0x573158 631 var@0x5860BC 112 deform@0x574168 255 ground@0x585230 140	root@0x10010E544 719 evaluator@0x1000F6C34 585 var@0x10010F094 99 deform@0x1000F7DD8 210 ground@0x10010DFF4 128	root@0x10BE5C 821 evaluator@0xF3894 750 var@0x10C8D2 94 deform@0xF4B88 245 ground@0x10B8FC 221	IMPLEMENTED	cpp/plugins/motionplayer/PlayerUpdateLayers.cpp:11; cpp/plugins/motionplayer/PlayerUpdateLayers.cpp:24; cpp/plugins/motionplayer/PlayerUpdateLayerEval.cpp:1027; cpp/plugins/motionplayer/PlayerUpdateLayerEval.cpp:1310; cpp/plugins/motionplayer/PlayerUpdateLayerEval.cpp:1386; cpp/plugins/motionplayer/PlayerUpdateLayerEval.cpp:1391; cpp/plugins/motionplayer/PlayerUpdateLayerEval.cpp:1417; cpp/plugins/motionplayer/PlayerUpdateLayerEval.cpp:1450; cpp/plugins/motionplayer/PlayerUpdateLayerEval.cpp:1457; cpp/plugins/motionplayer/PlayerUpdateLayerEval.cpp:1484; cpp/plugins/motionplayer/PlayerUpdateLayerEval.cpp:1491; cpp/plugins/motionplayer/PlayerUpdateLayerEval.cpp:1505; cpp/plugins/motionplayer/PlayerFrameProgress.cpp:672; cpp/plugins/motionplayer/PlayerUpdateLayersInternal.h:48; cpp/plugins/motionplayer/PlayerUpdateLayersInternal.h:625; cpp/plugins/motionplayer/PlayerUpdateLayersInternal.h:688; cpp/plugins/motionplayer/PlayerUpdateLayersInternal.h:922; tests/unit-tests/plugins/motionplayer-dll.cpp:32030	analysis/motionplayer_player_update_layers_phase1_phase2_four_binary_2026-08-27.md	fresh four complete roots 685/764/719/821, evaluators 634/631/585/750, var interpolators 120/112/99/94, Bezier deformers 221/255/210/245 and ground workers 332/140/128/221 all cursors done; exact controller parent ratio mesh callback opacity word matrix delta boundary owner FP EH audit; fixed four semantic differences and tests; IDBs named commented bookmarked saved; formal build unavailable	No remaining semantic gap in the final root-reachable denominator; formal CMake unit and Web builds remain unavailable in this environment
MP-L16-ADDREF-RELEASE-NATIVE-INSTANCE-BORROWED-DELETING-DTOR	TJS dispatch non-atomic refcount closure Object ObjThis dual owners native fixed four-slot container generic sticky adaptor D3D sticky base borrowed view raw and intrusive owners constructor failure destructor reentry double-owner zero-ref underflow and complete versus deleting destructor boundaries	motionplayer.dll + emoteplayer.dll + DrawDeviceD3D dependency + TJS runtime	AddRef Release@0x9F5660/0x9F5674 Player adaptor@0x6FB3DC/0x6FB420/0x6FB480 D3D base@0x5322AC borrowed@0x5333F0 D3DEmote dtor@0x533FE0/0x534078 module@0x52FF78 adaptor@0x6AAEF0/0x6AAFCC image@0x5336F4 creators@0x6F2B1C/0x6E9504 array@0x702098	AddRef Release@0x7533E0/0x7533EA Player combined@0x5B6948/0x5B694C/0x5B6974 D3D base@0x495F90 borrowed@0x496990 D3DEmote dtor@0x497870/0x497894 module@0x494864 adaptor@0x57D0AC/0x57D12E image@0x496F60 creators@0x5AFB24/0x5A7A04 array@0x5BAA70	AddRef Release@0x10005782C/0x100057840 Player adaptor@0x10014DDE8/0x10014DDEC/0x10014DE30 D3D base@0x100234964 borrowed@0x1002355B4 D3DEmote dtor@0x100236374/0x1002363A8 module@0x100232B68 adaptor@0x100103FA8/0x1001040A0 image@0x100235CFC creators@0x1001452D0/0x10013A190 array@0x10029FF58	AddRef Release@0x564C8/0x564D2 Player adaptor@0x14FAF4/0x14FAF8/0x14FB24 D3D base@0x2336CA borrowed@0x2342B4 D3DEmote dtor@0x235076/0x23509A module@0x2317C0 adaptor@0x10128C/0x1013BC image@0x234AD8 creators@0x145B88/0x13A274 array@0x2A4A80	IMPLEMENTED	cpp/core/tjs2/tjsObject.cpp:85; cpp/core/tjs2/tjsObject.cpp:359; cpp/core/tjs2/tjsObject.cpp:1951; cpp/core/tjs2/tjsVariant.cpp:320; cpp/core/tjs2/tjsVariant.cpp:381; cpp/core/tjs2/tjsVariant.cpp:476; cpp/core/plugin/ncbind.hpp:121; cpp/core/plugin/ncbind.hpp:165; cpp/core/plugin/ncbind.hpp:185; cpp/core/plugin/ncbind.hpp:193; cpp/core/plugin/ncbind.hpp:212; cpp/core/plugin/ncbind.hpp:512; cpp/core/plugin/ncbind.hpp:1125; cpp/core/plugin/ncbind.hpp:1406; cpp/plugins/DrawDeviceD3D.cpp:77; cpp/plugins/DrawDeviceD3D.cpp:101; cpp/plugins/DrawDeviceD3D.cpp:123; cpp/plugins/DrawDeviceD3D.cpp:143; cpp/plugins/DrawDeviceD3D.cpp:1415; cpp/plugins/motionplayer/EmotePlayer.cpp:190	analysis/motionplayer_addref_release_native_instance_borrowed_deleting_destructor_total_audit_four_binary_2026-08-27.md; analysis/motionplayer_player_nonpolymorphic_payload_adaptor_vtable_four_binary_2026-08-27.md; analysis/motionplayer_emoteobject_engine_player_owner_chain_four_binary_2026-08-27.md; analysis/motionplayer_drawdevice_d3d_dependency_root_four_binary_2026-08-27.md; analysis/motionplayer_d3d_adaptor_listener_texture_managed_lifecycle_four_binary_2026-08-27.md; analysis/motionplayer_d3d_mesh_submit_repeat_cells_four_binary_2026-08-27.md	fresh 76 requested entries collapsed to 74 distinct ranges and 3323 unique complete untruncated instructions with decompiles and xrefs; raw Thumb vtable occurrence denominators; exact dual closure refs refcount resurrection nested Release exception poison four-slot oldest duplicate registration sticky and borrowed adaptor raw intrusive owner construction leaks double owner and deleting thunk audit; local matched without semantic edit; AddRef Release and getModule named comments bookmarks saved in four IDBs	No task-local static gap; formal native Web build unit and runtime differential remain independent MP-V work
MP-C12-D3D-TEXTURE-BACKGROUND-CAPTION-LISTENER-MANAGER-CONTAINERS	D3DAdaptor software texture ordered map explicit absence of mobile background caption and unused-texture containers D3DLayer listener list root Front Back Managed Modules trees and tTVPDrawDevice refcounted manager vector including duplicate erase reentry allocation and destruction behavior	motionplayer.dll + DrawDeviceD3D dependency + tTVPDrawDevice runtime	noops@0x6AACD0..0x6AACE0 texture clear/source/emplace@0x6AAC98/0x6EE440/0x6EE778 adaptor@0x6AAEF0/0x6AAFCC managers@0xA72970/0xA72C14/0xA72D20 root/listeners/layer/image@0x53244C/0x531184/0x5311C8/0x5333F0/0x5336F4	noops@0x57CF7A..0x57CF82 texture clear/source/emplace@0x57CF74/0x5AC518/0x5AC700 adaptor@0x57D0AC/0x57D12E managers@0x796E6C/0x7970B0/0x797104 root/listeners/layer/image@0x49606C/0x495286/0x4952AC/0x496990/0x496F60	noops@0x100103D88..0x100103D98 texture clear/source/emplace@0x100103D58/0x10014019C/0x1001403FC adaptor@0x100103FA8/0x1001040A0 managers@0x1002DC0F4/0x1002DC360/0x1002DC3B8 root/listeners/layer/image@0x100233E1C/0x1002336C8/0x100233720/0x1002355B4/0x100235CFC	noops@0x101154..0x10115C texture clear/source/emplace@0x101138/0x1414C0/0x141736 adaptor@0x10128C/0x1013BC managers@0x2DBB0C/0x2DBD28/0x2DBD58 root/listeners/layer/image@0x232B14/0x232572/0x23259A/0x2342B4/0x234AD8	IMPLEMENTED	cpp/plugins/motionplayer/D3DAdaptor.h:71; cpp/plugins/motionplayer/D3DAdaptor.h:129; cpp/plugins/motionplayer/D3DAdaptor.cpp:139; cpp/plugins/motionplayer/D3DAdaptor.cpp:199; cpp/plugins/DrawDeviceD3D.cpp:190; cpp/plugins/DrawDeviceD3D.cpp:744; cpp/plugins/DrawDeviceD3D.cpp:1415; cpp/plugins/DrawDeviceD3DIntf.h:28; cpp/core/visual/impl/DrawDevice.h:530; cpp/core/visual/impl/DrawDevice.cpp:52; cpp/core/visual/impl/DrawDevice.cpp:166; tests/unit-tests/plugins/motionplayer-dll.cpp:8781; tests/unit-tests/plugins/motionplayer-dll.cpp:9660; tests/unit-tests/plugins/motionplayer-dll.cpp:9943; tests/unit-tests/plugins/motionplayer-dll.cpp:10170; tests/unit-tests/plugins/motionplayer-dll.cpp:11277	analysis/motionplayer_d3d_texture_background_caption_listener_manager_containers_four_binary_2026-08-27.md; analysis/motionplayer_d3dadaptor_simple_state_map_clear_four_binary_2026-08-27.md; analysis/motionplayer_d3d_source_getter_texture_map_insert_four_binary_2026-08-27.md; analysis/motionplayer_d3d_adaptor_listener_texture_managed_lifecycle_four_binary_2026-08-27.md; analysis/motionplayer_drawdevice_d3d_dependency_root_four_binary_2026-08-27.md	fresh four 72 independent function instances and 2933 complete untruncated instructions with decompiles and xrefs; exact five one-instruction no-op ABSENT dispositions software map list four root trees and manager vector Add Remove destructor snapshot duplicate allocation reentry owner audit; local matched without semantic edit; manager functions named all roots commented bookmarked and four IDBs saved	No task-local static gap; all-container boundary and STL classification remain independent MP-C15 MP-C16; formal builds remain MP-V work
MP-C03-TIMELINE-TRACK-CURSOR-PLAYLOG-STATE-MAP-CONTAINERS	EmoteEngine timeline metadata state unordered map main diff active label vectors lazy TimelineData Track deque Frame24B vector controller owners signed cursor vector play stop seek window pre-progress pass query serialize restore clear destruction duplicate stale allocation and malformed boundaries	motionplayer.dll + emoteplayer.dll + DrawDeviceD3D facade	build/init/controllers/seek/window/pre/play/stop/pass@0x66CBEC/0x66D03C/0x66DC20/0x66EE30/0x6671FC/0x66EB44/0x670350/0x679680/0x67A100 map/dtors@0x685060/0x681220/0x681298/0x6813C4 serialize/restore@0x673BC4/0x675834	build/init/controllers/seek/window/pre/play/stop/pass@0x558EB4/0x5590E8/0x559848/0x55A0F8/0x555BC0/0x559F78/0x55AA70/0x55F6E4/0x55FCC4 map/dtors@0x5669AC/0x5638D8/0x563906/0x563940/0x56395C serialize/restore@0x55C0E4/0x55D184	build/init/controllers/seek/window/pre/play/stop/pass@0x1001ABA30/0x1001ABD5C/0x1001AC5DC/0x1001AD2C0/0x1001A6BDC/0x1001AD0DC/0x1001ADE0C/0x1001B341C/0x1001B3FE4 map/dtors@0x1001A6938/0x1001B7CD4/0x1001B7D2C/0x1001C44FC/0x1001C4544 serialize/restore@0x1001AFE68/0x1001B1410	build/init/controllers/seek/window/pre/play/stop/pass@0x1AB18C/0x1AB4B0/0x1ABDA4/0x1ACA22/0x1A636C/0x1AC844/0x1AD53C/0x1B2F70/0x1B3BBC map/dtors@0x1A6074/0x1B7536/0x1B7562/0x1C1C2C/0x1C1C54 serialize/restore@0x1AF5BC/0x1B0EB0	IMPLEMENTED	cpp/plugins/motionplayer/EmoteEngine.h:162; cpp/plugins/motionplayer/EmoteEngine.h:778; cpp/plugins/motionplayer/EmoteEngine.cpp:904; cpp/plugins/motionplayer/EmoteEngine.cpp:976; cpp/plugins/motionplayer/EmoteEngine.cpp:1344; cpp/plugins/motionplayer/EmoteEngine.cpp:2268; cpp/plugins/motionplayer/EmoteEngine.cpp:2692; cpp/plugins/motionplayer/EmoteEngine.cpp:2788; cpp/plugins/motionplayer/EmoteEngine.cpp:2812; cpp/plugins/motionplayer/EmoteEngine.cpp:2867; cpp/plugins/motionplayer/EmoteEngine.cpp:2926; cpp/plugins/motionplayer/EmoteEngine.cpp:3014; cpp/plugins/motionplayer/EmoteEngine.cpp:3144; cpp/plugins/motionplayer/EmoteEngine.cpp:3208; cpp/plugins/motionplayer/EmoteEngine.cpp:3241; cpp/plugins/motionplayer/EmoteEngine.cpp:3295; cpp/plugins/motionplayer/EmoteEngine.cpp:3510; tests/unit-tests/plugins/motionplayer-dll.cpp:11452; tests/unit-tests/plugins/motionplayer-dll.cpp:21155; tests/unit-tests/plugins/motionplayer-dll.cpp:21246; tests/unit-tests/plugins/motionplayer-dll.cpp:30214; tests/unit-tests/plugins/motionplayer-dll.cpp:30338; tests/unit-tests/plugins/motionplayer-dll.cpp:30455; tests/unit-tests/plugins/motionplayer-dll.cpp:30571; tests/unit-tests/plugins/motionplayer-dll.cpp:30684; tests/unit-tests/plugins/motionplayer-dll.cpp:30795; tests/unit-tests/plugins/motionplayer-dll.cpp:30995; tests/unit-tests/plugins/motionplayer-dll.cpp:32102	analysis/motionplayer_timeline_track_cursor_playlog_state_map_containers_four_binary_2026-08-27.md; analysis/motionplayer_emoteplayer_timeline_selector_queries_four_binary_2026-08-27.md; analysis/motionplayer_emoteplayer_primary_flow_raw_setters_four_binary_2026-08-27.md; analysis/motionplayer_state_clone_serialize_restore_partial_commit_four_binary_2026-08-27.md; analysis/motionplayer_emoteplayer_scale_trigger_variablekeys_animating_four_binary_2026-08-27.md	fresh four 89 distinct function ranges 13472 complete untruncated instructions and 304 xrefs; exact unordered state map label vectors Track deque Frame vector cursor vector producer consumer clear dtor duplicate stale partial commit malformed and FP optimizer audit; local matched without semantic edit; 47 helpers renamed 76 task comments 4 bookmarks and four IDBs saved	No MP-C03 task-local static gap; formal build unit Web runtime and differential verification remain independent MP-V work
MP-C08-SELECTOR-TRANSITION-SPRING-BUST-HAIR-PARTS-WIND-CONTAINERS	EmoteEngine simple and chain spring deques transition and selector owner deques Selector command deque option and dormant target vectors fixed spring records raw wind owner 128-slot fixed pool producer consumer borrow clear destruction sparse duplicate allocation reentry malformed and pointer-width behavior	motionplayer.dll + emoteplayer.dll + DrawDeviceD3D facade	builders@0x6683F8/0x668DB0/0x66A8A4/0x66ACDC selector@0x66B778/0x665490/0x6655C4/0x665774/0x665850 springs@0x678B28/0x6790C8/0x65FB48/0x665D84 wind@0x66DD8C/0x66DEDC/0x665BC8 clears@0x6800DC/0x68029C/0x680D1C/0x680F14	builders@0x55659C/0x556B84/0x557B84/0x557E04 selector@0x5583B6/0x5549B8/0x554AB8/0x554B68/0x554BC4 springs@0x55EE98/0x55F2F4/0x551910/0x555010/0x555408 wind@0x559900/0x554E4C/0x554FA0 clears@0x5629A4/0x562B80/0x5633C0/0x563560	builders@0x1001A7DDC/0x1001A87C0/0x1001A9C9C/0x1001AA030 selector@0x1001B7DFC/0x1001A5514/0x1001A5640/0x1001A56D4/0x1001A5790 springs@0x1001B29D0/0x1001B2F2C/0x1001A1A8C/0x1001A5BDC/0x1001A6030 wind@0x1001AC718/0x1001A5A24/0x1001A5B78 clears@0x1001B7164/0x1001B7298/0x1001B78A0/0x1001B79C8	builders@0x1A730C/0x1A7DCC/0x1A9314/0x1A96D8 selector@0x1B75EC/0x1A4B04/0x1A4C10/0x1A4C7E/0x1A4CF6 springs@0x1B24D8/0x1B2ABC/0x1A0BE0/0x1A51CC/0x1A5634 wind@0x1ABF24/0x1A4FEC/0x1A5160 clears@0x1B6D4E/0x1B6E2A/0x1B723C/0x1B7318	IMPLEMENTED	cpp/plugins/motionplayer/EmoteEngine.h:226; cpp/plugins/motionplayer/EmoteEngine.h:349; cpp/plugins/motionplayer/EmoteEngine.h:368; cpp/plugins/motionplayer/EmoteEngine.h:728; cpp/plugins/motionplayer/EmoteEngine.h:807; cpp/plugins/motionplayer/EmoteSelectorController.h:16; cpp/plugins/motionplayer/EmoteSelectorController.cpp:32; cpp/plugins/motionplayer/EmoteEngine.cpp:1626; cpp/plugins/motionplayer/EmoteEngine.cpp:1695; cpp/plugins/motionplayer/EmoteEngine.cpp:1896; cpp/plugins/motionplayer/EmoteEngine.cpp:2328; cpp/plugins/motionplayer/EmoteEngine.cpp:3830; cpp/plugins/motionplayer/EmoteSpring.cpp:22; cpp/plugins/motionplayer/EmoteSpring.cpp:103; cpp/plugins/motionplayer/EmoteSpring.cpp:120; cpp/plugins/motionplayer/EmoteWindEmitter.h:35; cpp/plugins/motionplayer/EmoteWindEmitter.cpp:12; cpp/plugins/motionplayer/PlayerCore.cpp:858; cpp/plugins/motionplayer/EmotePlayer.cpp:532; tests/unit-tests/plugins/motionplayer-dll.cpp:11427; tests/unit-tests/plugins/motionplayer-dll.cpp:11872; tests/unit-tests/plugins/motionplayer-dll.cpp:12162; tests/unit-tests/plugins/motionplayer-dll.cpp:12329; tests/unit-tests/plugins/motionplayer-dll.cpp:12355; tests/unit-tests/plugins/motionplayer-dll.cpp:20586; tests/unit-tests/plugins/motionplayer-dll.cpp:28324; tests/unit-tests/plugins/motionplayer-dll.cpp:30381	analysis/motionplayer_selector_transition_spring_bust_hair_parts_wind_containers_four_binary_2026-08-27.md; analysis/motionplayer_controller_container_element_owner_publication_four_binary_2026-08-27.md; analysis/motionplayer_emoteengine_seven_direct_controller_owners_four_binary_2026-08-27.md; analysis/motionplayer_emoteplayer_primary_flow_raw_setters_four_binary_2026-08-27.md; analysis/motionplayer_emoteplayer_timeline_selector_queries_four_binary_2026-08-27.md; analysis/motionplayer_global_static_cache_rng_guard_lifecycle_four_binary_2026-08-27.md	fresh four 103 distinct function ranges 15488 complete untruncated instructions and 307 xrefs; exact four Engine deques Selector command options dormant targets fixed spring arrays raw wind owner fixed pool borrow publication clear dtor sparse duplicate FP width reentry and malformed audit; local matched without semantic edit; 38 helpers renamed 104 comments 4 bookmarks four IDBs saved	No MP-C08 task-local static gap; all-container and STL-wide audits remain MP-C15 MP-C16; formal build unit Web runtime differential remain MP-V work
